AbstrackR code;ID;Title;Authors;Year;Species;Species - detailed;Domains;Gesture definition - transcription;Gesture definition;Mechanically ineffectiveness;Body parts;Intentional criteria;Gestural scope;Multi-source;Design;Research environment;Research environment -detailed;Bourjade et al 2020 - Criteria to define gesture;;;;;;;;;;;;;;;;;;;;;;
;;;;;;;;;;;;;;;;;;Body part;;;;Sensory modality;;;;Social expression;;;Communicative property;;;;Intentional property;;;;;;;
;;;;;;;;;;;;;;;;;;Body (+face);Body (-face);Manual;Facial;has necessarily a visual component ;CG is visual or visual and auditory ;CG is visual or visual and vocal (mobilizing the vocal chords) ;CG is visual or visual and tactile ;presence of an audience ;addressed to specific recipient(s) ;produced while looking at recipient;include all communicative signals ;include only a subcategory of communicative signals ;mechanically ineffectiveness ;followed by a change in the recipient's behavior in most cases ;is necessarily an intentional communicative signal ;is produced towards a visually attentive recipient;response waiting;persistence or ellaboration;CG is not consistently triggered by specific environmental conditions ;flexibility (various contexts);Associated with an Apparently Satisfactory Outcome (ASO) ;
22445220;pi130;A comparative assessment of handedness and its potential neuroanatomical correlates in chimpanzees (Pan troglodytes) and bonobos (Pan paniscus);"Hopkins W.; Schaeffer  J.; Russell  J.; Bogart S.; Meguerditchian A.; Coulon O. ";2015;Non-human;Bonobos;Laterality;NA;Defined - subtypes;Not mentioned;Manual;Not defined;Narrow;None;Experimental;Both;Captivity;;;;;;;;;;;;;;;;;;;;;;;
;;;;;;Chimpanzees;Neural processes;;;;;;;;;;Laboratory (NH);;;;;;;;;;;;;;;;;;;;;;;
22445769;pi441;A cross-cultural study of the communication of extra-verbal meaning by gestures;"Graham J. A.; Argyle M ";1975;Human;Humans (WEIRD);Meaning;NA;Not defined;Not mentioned;Manual;Not defined;Narrow;Vocalizations;Experimental;Unfamiliar;Laboratory (H);;;;;;;;;;;;;;;;;;;;;;;
;;;;;;;Combination of sources;;;;;;;;;;;;;;;;;;;;;;;;;;;;;;;;;
22445124;pi009;A cross-species study of gesture and its role in symbolic development: Implications for the gestural theory of language evolution;"Gillespie-Lynch K.; Greenfield P. M.; Feng Y.; Savage-Rumbaugh S.; Lyn H.";2013;Both;Chimpanzees;Ontogeny;"""Gesture has been defined as specifically as communicative movements of the hands and as broadly as any visible bodily action (Kendon, 2000, 2004; Wilkins, 2003; Crais et al., 2004; Liebal et al., 2004; Müller, 2007; Pika, 2008).In the present study, we were open to communica- tive gesture involving body parts other than the hand.""";Defined;Not mentioned;Both;Persistence;Broad;Vocalizations;Observational;Familiar (H);Home;0;1;0;0;1;0;0;1;1;na;na;0;1;na;na;0;0;0;1;0;0;0;
;;;;;;Bonobos;Meaning;;;;;Attention getting behaviour;;Lexigrams;;Unfamiliar (NH);Laboratory (NH);;;;;;;;;;;;;;;;;;;;;;;
;;;;;;Humans (WEIRD);Form;;;;;Audience checking;;;;;;;;;;;;;;;;;;;;;;;;;;;;
;;;;;;;Combination of sources;;;;;;;;;;;;;;;;;;;;;;;;;;;;;;;;;
;;;;;;;Structure;;;;;;;;;;;;;;;;;;;;;;;;;;;;;;;;;
22444934;pi379;A descriptive analysis of pointing and oral movements in a home sign system;"Torigoe T.; Takei W.";2002;Human;Humans (non-WEIRD);Structure;NA;Defined - subtypes;Not mentioned;Both;Not defined;Narrow;None;Observational;Familiar;Home;;;;;;;;;;;;;;;;;;;;;;;
;;;;;;;Meaning;;;;;;;;;;;;;;;;;;;;;;;;;;;;;;;;;
;;;;;;;Form;;;;;;;;;;;;;;;;;;;;;;;;;;;;;;;;;
22444888;wos586;A gestural repertoire of 1-to 2-year-old human children: in search of the ape gestures;"Kersken V.;Gómez J. C.; Liszkowski U.; Soldati A.; Hobaiter C.";2019;Human;Humans (both);Form;"""discrete, mechanically ineffective physical movements of the body observed during periods of communication.These movements included movements of the whole body, limbs and head, but not facial expressions or static body postures """;Defined;Mentioned;Both;Directed to recipient;Broad;None;Observational;Familiar;Daycare;0;1;0;0;1;1;0;1;1;1;0;0;1;1;1;1;0;1;1;na;na;na;
;;;;;;;Ontogeny;;;;;Goal-directed;;;;;Home;;;;;;;;;;;;;;;;;;;;;;;
;;;;;;;Meaning;;;;;Audience checking;;;;;;;;;;;;;;;;;;;;;;;;;;;;
;;;;;;;Structure;;;;;Persistence;;;;;;;;;;;;;;;;;;;;;;;;;;;;
;;;;;;;;;;;;Response waiting;;;;;;;;;;;;;;;;;;;;;;;;;;;;
22445657;pi066;A multifactorial investigation of captive chimpanzees' intraspecific gestural laterality;"Prieur J.; Pika S.; Barbu S.; Blois-Heulin C. ";2016;Non-human;Chimpanzees;Laterality;"""We refer to gestures as ‘movements of the limbs or head and body directed towards a recipient that are goal-directed, mechanically ineffective (that is, they are not designed to act as direct physical agents) and receive a voluntary response’""";Defined;Mentioned;Both;Initiating social interaction;Broad;None;Observational;Familiar;Captivity;0;1;0;0;1;1;0;1;1;1;0;0;1;1;1;1;0;1;na;na;na;na;
;;;;;;;Meaning;;;;;Mechanically ineffective;;;;;;;;;;;;;;;;;;;;;;;;;;;;
;;;;;;;Form;;;;;Audience checking;;;;;;;;;;;;;;;;;;;;;;;;;;;;
;;;;;;;;;;;;Response waiting;;;;;;;;;;;;;;;;;;;;;;;;;;;;
;;;;;;;;;;;;(G) goal-directed;;;;;;;;;;;;;;;;;;;;;;;;;;;;
;;;;;;;;;;;;(G) mechanically ineffective;;;;;;;;;;;;;;;;;;;;;;;;;;;;
;;;;;;;;;;;;(G) directed to recipient;;;;;;;;;;;;;;;;;;;;;;;;;;;;
22445440;pi042;A multifactorial investigation of captive gorillas' intraspecific gestural laterality;"Prieur J.; Pika S.; Barbu S.; Blois-Heulin C. ";2018;Non-human;Gorillas;Laterality;"""movements of the limbs or head and body directed towards a recipient that are goal-directed, mechanically ineffective (that is, they are not designed to act as direct physical agents) and receive a voluntary response” (Pika & Bugnyar, 2011, p. 4).""";Defined;Mentioned;Both;Initiating social interaction;Broad;None;Observational;Familiar;Captivity;0;1;0;0;1;1;0;1;1;1;0;0;1;1;1;1;0;1;na;na;na;na;
;;;;;;;Meaning;;;;;Mechanically ineffective;;;;;;;;;;;;;;;;;;;;;;;;;;;;
;;;;;;;Form;;;;;Response waiting;;;;;;;;;;;;;;;;;;;;;;;;;;;;
;;;;;;;;;;;;Directed to recipient;;;;;;;;;;;;;;;;;;;;;;;;;;;;
;;;;;;;;;;;;Audience checking;;;;;;;;;;;;;;;;;;;;;;;;;;;;
;;;;;;;;;;;;(G) goal-directed;;;;;;;;;;;;;;;;;;;;;;;;;;;;
;;;;;;;;;;;;(G) mechanically ineffective;;;;;;;;;;;;;;;;;;;;;;;;;;;;
;;;;;;;;;;;;(G) elicit a voluntary response;;;;;;;;;;;;;;;;;;;;;;;;;;;;
22445324;wos341;A stepping stone to compositionality in chimpanzee communication;"Liebal K.; Sandler W.; Ona L.S.";2019;Non-human;Chimpanzees;Structure;NA;Defined - subtypes;Not mentioned;Manual;Not defined;Narrow;Facial Expressions;Observational;Familiar;Semi-Wild;;;;;;;;;;;;;;;;;;;;;;;
;;;;;;;Combination of sources;;;;;;;;;;;;;;;;;;;;;;;;;;;;;;;;;
;;;;;;;Meaning;;;;;;;;;;;;;;;;;;;;;;;;;;;;;;;;;
;;;;;;;Form;;;;;;;;;;;;;;;;;;;;;;;;;;;;;;;;;
22445173;pi176;A structure-based repertoire of manual gestures in wild chimpanzees: Statistical analyses of a graded communication system;"Roberts A. I.; Vick S. J.; Roberts S. G. B.; Buchanan-Smith H. M.; Zuberbühler, K.";2012;Non-human;Chimpanzees;Form;"""Gestures were defined as expressive movements of the limbs that are mechanically ineffective, i.e., the signaller did not affect a change in the recipient's behaviour by mechanical means (Pollick & de Waal, 2007).""";Defined ;Mentioned;Manual;Audience checking;Broad;Vocalizations;Observational;Familiar;Wild;0;0;1;0;1;na;0;1;0;0;0;0;1;1;1;1;0;1;1;na;na;na;
;;;;;;;;;;;;Response waiting;;Facial Expressions;;;;;;;;;;;;;;;;;;;;;;;;;;
;;;;;;;;;;;;Persistence;;;;;;;;;;;;;;;;;;;;;;;;;;;;
;;;;;;;;;;;;(G) mechanically ineffective;;;;;;;;;;;;;;;;;;;;;;;;;;;;
22445502;wos473;Ape gestures and language evolution;"Pollick A.S.; de Waal F. B. M.";2007;Non-human;Chimpanzees;Combination of sources;""" Gesture refers to a nonlocomotory movement with communicative value of the forearm, hand, wrist, or fingers. Leg and foot movements are included, because these movements have been observed to be communicative in bonobos. Excluded from this definition are any other movements that are sometimes labeled gestures in the literature, such as body postures, head movements, and locomotion patterns. A tactile action is considered a gesture only if it lasts 2 s and visibly lacks the mechanical force to bring about the reaction shown by the recipient, and also does not include any attempt to grab or extensively hold a body part of the other. For example, the gesture hard touch applied to the leg neither moves the other’s leg in any observable direction nor does it visibly, forcibly change the other’s physical position (if a positional change does result, it must appear  voluntary ).""";Defined;Mentioned;Manual;Not defined;Broad;Vocalizations;Observational;Familiar;Captivity;0;0;1;0;1;1;0;1;1;1;0;0;1;1;0;na;na;na;na;na;na;na;
;;;;;;Bonobos;Form;;;;;;;Facial Expressions;;;;;;;;;;;;;;;;;;;;;;;;;;
;;;;;;;Meaning;;;;;;;;;;;;;;;;;;;;;;;;;;;;;;;;;
22445477;wos052;Assessment and analysis of human laterality for manipulation and communication using the Rennes Laterality Questionnaire;"Prieur J.; Barbu S.; Blois-Heulin C.";2017;Human;Humans (WEIRD);Laterality;"""Gestural items included various behaviours involving hands (40), feet (6), face (6) and ears (2)""; "" 1From here on, the term ‘gesture’ is restricted to communication functions and defined as ‘movements of the limbs or head and body directed towards a recipient that are goal-directed, mechanically ineffective and receive a voluntary response’ ([13]; p. 4).""";Defined ;Mentioned;Both;Not defined;Broad;Vocalizations;Observational;Familiar;Home;1;0;0;0;1;1;na;1;1;1;na;0;1;1;1;na;na;na;na;na;na;na;
;;;;;;;Combination of sources;;;;;;;Facial Expressions;;;;;;;;;;;;;;;;;;;;;;;;;;
;;;;;;;Form;;;;;;;;;;;;;;;;;;;;;;;;;;;;;;;;;
;;;;;;;Meaning;;;;;;;;;;;;;;;;;;;;;;;;;;;;;;;;;
22444826;wos247;Associations among play, gesture and early spoken language acquisition;"Hall S.; Rumney L.; Holler J.; Kidd E.";2013;Human;Humans (WEIRD);Ontogeny;NA;Defined - subtypes;Not mentioned;Manual;Not defined;Narrow;Vocalizations;Experimental;Familiar;Home;;;;;;;;;;;;;;;;;;;;;;;
;;;;;;;Combination of sources;;;;;;;;;;;;;;;;;;;;;;;;;;;;;;;;;
;;;;;;;Meaning;;;;;;;;;;;;;;;;;;;;;;;;;;;;;;;;;
;;;;;;;;;;;;;;;;;;;;;;;;;;;;;;;;;;;;;;;;
22445432;wos418;At 10-12 Months, Pointing Gesture Handedness Predicts the Size of Receptive Vocabularies;"Mumford K. H.; Kita S.";2016;Human;Humans (WEIRD);Laterality;NA;Defined - subtypes;Not mentioned;Manual;Not defined;Narrow;Vocalizations;Experimental;Unfamiliar;Laboratory (H);;;;;;;;;;;;;;;;;;;;;;;
;;;;;;;Ontogeny;;;;;;;;;;;;;;;;;;;;;;;;;;;;;;;;;
;;;;;;;Combination of sources;;;;;;;;;;;;;;;;;;;;;;;;;;;;;;;;;
22444971;wos608;Becoming a Communicative Partner: Infant Contingent Responsiveness to Maternal Language and Gestures;"Kuchirko Y.; Tafuro L.; LeMonda C. S. T.";2018;Human;Humans (non-WEIRD);Ontogeny;NA;Defined - subtypes;Not mentioned;Manual;Not defined;Narrow;Vocalizations;Experimental;Familiar;Home;;;;;;;;;;;;;;;;;;;;;;;
;;;;;;;Meaning;;;;;;;;;;;;;;;;;;;;;;;;;;;;;;;;;
;;;;;;;Combination of sources;;;;;;;;;;;;;;;;;;;;;;;;;;;;;;;;;
22445288;wos040;Behavioral laterality in captive bonobos (Pan paniscus);"Hopkins W. D.; Bennett A. J.; Bales S. L.; Lee J.; Ward; J. P.";1993;Non-human;Bonobos;Laterality;"""animal uses its hands for communicative purposes, such as clapping to another animal or by itself and begging toward the caretakers or observers""";Defined;Not mentioned;Manual;Not defined;Broad;None;Both;Familiar;Captivity;0;0;1;0;1;1;na;na;1;1;na;0;1;na;na;na;na;na;na;na;na;na;
;;;;;;;Meaning;;;;;;;;;;;;;;;;;;;;;;;;;;;;;;;;;
22445058;wos160;Behavioral laterality in captive bonobos (Pan paniscus): Replication and extension.;"Hopkins W. D.; de Waal F. B. ";1995;Non-human;Bonobos;Laterality;"""Subject uses its hands for communicative purposes. This includes instances in which the subjects clap each other or by themselves (de Waal, 1988). It also includes begging gestures directed toward caretakers or observers""";Defined;Not mentioned;Manual;Not defined;Broad;None;Observational;Familiar;Captivity;0;0;1;0;1;1;na;na;1;1;na;0;1;na;na;na;na;na;na;na;na;na;
;;;;;;;Meaning;;;;;;;;;;;;;;;;;;;;;;;;;;;;;;;;;
22444838;wos351;Bimodal signaling in infancy - Motor behavior, reference, and the evolution of spoken language;Locke J. L.;2007;Human;Humans (WEIRD);Combination of sources;NA;Defined - subtypes;Not mentioned;Manual;Not defined;Narrow;Vocalizations;Experimental;Unfamiliar;Laboratory (H);;;;;;;;;;;;;;;;;;;;;;;
;;;;;;;Ontogeny;;;;;;;;;;;;;;;;;;;;;;;;;;;;;;;;;
;;;;;;;Meaning;;;;;;;;;;;;;;;;;;;;;;;;;;;;;;;;;
22445475;wos157;Body language: The interplay between positional behavior and gestural signaling in the genus Pan and its implications for language evolution;"Smith L. W.; Delgado R. A.";2015;Non-human;Chimpanzees;Form;"""an intentional movement of the limbs or head, or a body posture or gait that appeared to transfer a communicative message.""";Defined;Not mentioned;Both;Goal-directed;Broad;None;Observational;Familiar;Captivity;0;1;0;0;1;1;na;1;1;1;na;0;1;;0;1;0;1;1;na;na;na;
;;;;;;Bonobos;;;;;;Response waiting;;;;;;;;;;;;;;;;;;;;;;;;;;;;
;;;;;;;;;;;;Elaboration;;;;;;;;;;;;;;;;;;;;;;;;;;;;
;;;;;;;;;;;;Sensitivity to the attentional state of the audience;;;;;;;;;;;;;;;;;;;;;;;;;;;;
22445170;wos262;Bonobo and chimpanzee gestures overlap extensively in meaning;"Graham K. E.; Hobaiter C.; Ounsley J.; Furuichi T.; Byrne R. W.";2018;Non-human;Bonobos;Meaning;NA;Not defined;Not mentioned;Both;Audience checking;Broad;None;Observational;Familiar;Wild;;;;;;;;;;;;;;;;;;;;;;;
;;;;;;Chimpanzees;Form;;;;;Response waiting;;;;;;;;;;;;;;;;;;;;;;;;;;;;
;;;;;;;;;;;;Persistence;;;;;;;;;;;;;;;;;;;;;;;;;;;;
;;;;;;;;;;;;;;;;;;;;;;;;;;;;;;;;;;;;;;;;
22445134;pi068;Captive chimpanzees use their right hand to communicate with each other: Implications for the origin of the cerebral substrate for language;"Meguerditchian A.; Vauclair J.; Hopkins W.";2010;Non-human;Chimpanzees;Laterality;"""expressive movement of limbs that is directed to another individual in order to influence its behavior and that is related to a request and/or a desired action/event (Pika et al., 2005b)""";Defined;Not mentioned;Manual;Not defined;Narrow;None;Observational;Familiar;Captivity;0;0;1;0;1;1;0;0;1;1;na;0;1;na;1;na;na;na;na;na;na;na;
;;;;;;;Meaning;;;;;;;;;;;;;;;;;;;;;;;;;;;;;;;;;
;;;;;;;Form;;;;;;;;;;;;;;;;;;;;;;;;;;;;;;;;;
22445188;pi039;Captive chimpanzees' manual laterality in tool use context: Influence of communication and of sociodemographic factors;"Prieur J.; Pika S.; Blois-Heulin C.; Barbu S.";2018;Non-human;Chimpanzees;Laterality;"""Based on Pika and Bugnyar’s (2011) definition of gesture, only behaviours that met the following criteria were classified as gestures: They (a) were used to initiate a social interaction, (b) were directed towards a recipient, (c) were mechanically ineffective (e.g. Pollick and de Waal, 2007), and (d) elicited a voluntary response by recipients.""";Defined;Not mentioned;Manual;Not defined;Broad;None;Observational;Familiar;Captivity;0;0;1;0;1;0;0;1;1;1;na;0;1;na;1;na;na;na;na;na;na;na;
;;;;;;;Meaning;;;;;(G) initiating social interaction;;;;;;;;;;;;;;;;;;;;;;;;;;;;
;;;;;;;Form;;;;;(G) directed to recipient;;;;;;;;;;;;;;;;;;;;;;;;;;;;
;;;;;;;;;;;;(G) mechanically ineffective;;;;;;;;;;;;;;;;;;;;;;;;;;;;
;;;;;;;;;;;;(G) elicit a voluntary response;;;;;;;;;;;;;;;;;;;;;;;;;;;;
22445610;pi132;Captive gorillas’ manual laterality: The impact of gestures, manipulators and interaction specificity;"Prieur J.; Barbu S.; Blois-Heulin C.; Pika S.";2017;Non-human;Gorillas;Laterality;"""movements of the limbs or head and body that (a) were used to initiate (signaller starts to engage but not continue) a social interaction, (b) were directed towards a particular recipient as shown by signaller’s body and/or gaze orientation towards the recipient, and/or physical contact with the recipient, (c) were mechanically ineffective (which means, they were not designed to act as direct physical agents), and (d) elicited a voluntary response by recipients (recipients could choose the behavioural outcome in contrast to mechanical effective behaviours when they are physically manipulated by receivers)""";Defined;Mentioned;Both;Sensitivity to the attentional state of the audience;Broad;None;Observational;Familiar;Captivity;0;1;0;0;1;1;na;1;1;1;na;0;1;1;1;1;0;1;1;na;na;1;
;;;;;;;Meaning;;;;;Response waiting;;;;;;;;;;;;;;;;;;;;;;;;;;;;
;;;;;;;Form;;;;;Persistence;;;;;;;;;;;;;;;;;;;;;;;;;;;;
;;;;;;;;;;;;Elaboration;;;;;;;;;;;;;;;;;;;;;;;;;;;;
;;;;;;;;;;;;Ceasing communication when the goal is achieved;;;;;;;;;;;;;;;;;;;;;;;;;;;;
;;;;;;;;;;;;(G) initiating social interaction;;;;;;;;;;;;;;;;;;;;;;;;;;;;
;;;;;;;;;;;;(G) directed to recipient;;;;;;;;;;;;;;;;;;;;;;;;;;;;
;;;;;;;;;;;;(G) mechanically ineffective;;;;;;;;;;;;;;;;;;;;;;;;;;;;
23080852;wos581;Chimpanzee lip-smacking facilitates cooperative behaviour;"Fedurek P.; Slocombe K. E.; Hartel J. A.; Zuberbühler, K.";2015;Non-human;Chimpanzees;Meaning;NA;Defined - subtypes;Not mentioned;Non-manual;Not defined;Narrow;None;Observational;Familiar;Wild;;;;;;;;;;;;;;;;;;;;;;;
22445424;wos269;Chimpanzee Vocal Signaling Points to a Multimodal Origin of Human Language;"Taglialatela J. P.; Russell J. L.; Schaeffer J. A.; Hopkins W. D.";2011;Non-human;Chimpanzees;Combination of sources;NA;Not defined;Not mentioned;Manual;Not defined;Narrow;Vocalizations;Experimental;Both;Captivity;;;;;;;;;;;;;;;;;;;;;;;
;;;;;;;Neural processes;;;;;;;;;;Laboratory (NH);;;;;;;;;;;;;;;;;;;;;;;
22445254;wos393;Chimpanzees modify intentional gestures to coordinate a search for hidden food;"Roberts A. I.; Vick S. J.; Roberts S. G. B.; Menzel C. R.";2013;Non-human;Chimpanzees;Meaning;"""signalling with voluntary movements of arms, legs or bodily postures""";Defined;Not mentioned;Both;Goal-directed;Narrow;Vocalizations;Experimental;Familiar;Captivity;0;1;0;0;1;1;na;na;1;1;na;0;1;na;1;1;0;na;1;na;na;1;
;;;;;;;Form;;;;;Sensitivity to the attentional state of the audience;;;;;;;;;;;;;;;;;;;;;;;;;;;;
;;;;;;;Combination of sources;;;;;Ceasing communication when the goal is achieved;;;;;;;;;;;;;;;;;;;;;;;;;;;;
;;;;;;;;;;;;;;;;;;;;;;;;;;;;;;;;;;;;;;;;
22445208;wos193;Clapping in chimpanzees: Evidence of exclusive hand preference in a spontaneous, bimanual gesture;Fletcher A. W.;2006;Non-human;Chimpanzees;Laterality;NA;Defined - subtypes;Not mentioned;Manual;Not defined;Narrow;None;Observational;Familiar;Captivity;;;;;;;;;;;;;;;;;;;;;;;
;;;;;;;;;;;;;;;;;;;;;;;;;;;;;;;;;;;;;;;;
22445587;wos327;Cognitive systems struggling for word order;"Langus A.; Nespor M.";2010;Human;Humans (both);Structure;NA;Not defined;Not mentioned;NA;Not defined;Narrow;None;Experimental;Unfamiliar;Laboratory (H);;;;;;;;;;;;;;;;;;;;;;;
;;;;;;;Meaning;;;;;;;;;;;;;;;;;;;;;;;;;;;;;;;;;
22445177;wos121;Communicating about quantity without a language model: Number devices in homesign grammar;"Coppola   M; Spaepen   E; Goldin-Meadow   S";2013;Human;Humans (non-WEIRD);Meaning;NA;Not defined;Not mentioned;NA;Not defined;Narrow;None;Experimental;Unfamiliar;Laboratory (H);;;;;;;;;;;;;;;;;;;;;;;
;;;;;;;Form;;;;;;;;;;;;;;;;;;;;;;;;;;;;;;;;;
22445284;pi239;Communicative intentions in wild chimpanzees: Persistence and elaboration in gestural signalling;"Roberts A.; Vick S.; Buchanan-Smith H. ";2013;Non-human;Chimpanzees;Meaning;""" movements of limbs, head and body postures that were mechanically ineffective (did not replace a recipient response with action by physical means, e.g., simply bringing the recipient closer)""";Defined;Mentioned;Manual;Directed to recipient;Broad;None;Observational;Familiar;Wild;0;1;0;0;1;1;na;1;1;1;na;0;1;1;1;1;0;1;0;na;na;na;
;;;;;;;Structure;;;;;Audience checking;;;;;;;;;;;;;;;;;;;;;;;;;;;;
;;;;;;;;;;;;Response waiting;;;;;;;;;;;;;;;;;;;;;;;;;;;;
22444988;pi057;Communicative mediation by adults in the construction of symbolic uses by infants;"Palacios P.; Rodríguez C.; Méndez-Sánchez C. ";2018;Human;Humans (non-WEIRD);Meaning;NA;Defined - subtypes;Not mentioned;Manual;Not defined;Narrow;Vocalizations;Experimental;Familiar;Home;;;;;;;;;;;;;;;;;;;;;;;
;;;;;;;Ontogeny;;;;;;;;;;;;;;;;;;;;;;;;;;;;;;;;;
22445512;wos272;Communicative signaling activates 'Broca's' homolog in chimpanzees;"Taglialatela J. P.; Russell J. L.; Schaeffer J. A.; Hopkins W. D.";2008;Non-human;Chimpanzees;Neural processes;NA;Not defined;Not mentioned;Manual;Not defined;Narrow;Vocalizations;Experimental;Both;Captivity;;;;;;;;;;;;;;;;;;;;;;;
;;;;;;;Laterality;;;;;;;;;;Laboratory (NH);;;;;;;;;;;;;;;;;;;;;;;
;;;;;;;Combination of sources;;;;;;;;;;;;;;;;;;;;;;;;;;;;;;;;;
22445418;wos221;Complex patterns of signalling to convey different social goals of sex in bonobos, Pan paniscus;"Genty E.; Neumann C.; Zuberbuhler K.";2015;Non-human;Bonobos;Combination of sources;NA;Defined - subtypes;Mentioned;Manual;Directed to recipient;Narrow;Vocalizations;Observational;Familiar;Semi-wild;;;;;;;;;;;;;;;;;;;;;;;
;;;;;;;Meaning;;;;;Audience checking;;;;;;;;;;;;;;;;;;;;;;;;;;;;
;;;;;;;Structure;;;;;Sensitivity to the attentional state of the audience;;;;;;;;;;;;;;;;;;;;;;;;;;;;
;;;;;;;;;;;;Response waiting;;;;;;;;;;;;;;;;;;;;;;;;;;;;
;;;;;;;;;;;;Elaboration;;;;;;;;;;;;;;;;;;;;;;;;;;;;
;;;;;;;;;;;;Persistence;;;;;;;;;;;;;;;;;;;;;;;;;;;;
22445435;pi041;Complex sociality of wild chimpanzees can emerge from laterality of manual gestures;"Roberts A.; Murray L.; Roberts S.";2019;Non-human;Chimpanzees;Laterality;NA;Not defined;Not mentioned;Manual;Persistence;Broad;None;Observational;Familiar;Wild;;;;;;;;;;;;;;;;;;;;;;;
;;;;;;;Meaning;;;;;Sensitivity to the attentional state of the audience;;;;;;;;;;;;;;;;;;;;;;;;;;;;
22445441;pi141;Concealing of facial expressions by a wild Barbary macaque (Macaca sylvanus);"Thunström M.; Kuchenbuch P.; Young C.";2014;Non-human;Macaques;Combination of sources;NA;Defined - subtypes;Not mentioned;Manual;Directed to recipient;Narrow;Facial expressions;Observational;Familiar;Wild;;;;;;;;;;;;;;;;;;;;;;;
;;;;;;;Form;;;;;Audience checking;;;;;;;;;;;;;;;;;;;;;;;;;;;;
;;;;;;;Meaning;;;;;Sensitivity to the attentional state of the audience;;;;;;;;;;;;;;;;;;;;;;;;;;;;
;;;;;;;;;;;;Response waiting;;;;;;;;;;;;;;;;;;;;;;;;;;;;
;;;;;;;;;;;;Persistence;;;;;;;;;;;;;;;;;;;;;;;;;;;;
;;;;;;;;;;;;Flexibility (uses the same means to different ends, and vice versa);;;;;;;;;;;;;;;;;;;;;;;;;;;;
22445229;wos499;Convergence and divergence in gesture repertoires as an adaptive mechanism for social bonding in primates;"Roberts A. I.; Roberts S. G. B.";2017;Non-human;Chimpanzees;Form;"""an expressive movement of the limbs or head and body posture that was: (i) mechanically ineffective (a gesture always elicited a change in the recipient’s behaviour by non-mechanical means); (ii) communicative (i.e. at the level of the gesture type, communication was consistently associated with a change in the behaviour of the recipient after the signal), thus gestures occurred in social circumstances and only social circumstances when gestures were used were included in the dataset; for instance, if a chimpanzee gestured for non-social means (e.g. turn the back to change position rather than turn the back to initiate grooming), such circumstances of gesturing would not be considered [17]; and (iii) intentional.""";Defined;Mentioned;Manual;DIrected to recipient;Broad;Vocalizations;Observational;Familiar;Wild;0;1;0;0;1;1;na;1;1;1;na;0;1;1;1;1;0;1;1;na;na;na;
;;;;;;;Meaning;;;;;Response waiting;;;;;;;;;;;;;;;;;;;;;;;;;;;;
;;;;;;;Combination of sources;;;;;Sensitivity to the attentional state of the audience;;;;;;;;;;;;;;;;;;;;;;;;;;;;
;;;;;;;;;;;;Persistence;;;;;;;;;;;;;;;;;;;;;;;;;;;;
22445681;wos407;Courtship communication and perception;Moore M. M.;2002;Human;Humans (WEIRD);Meaning;NA;Defined - subtypes;Not mentioned;Both;Not defined;Narrow;Facial Expressions;Experimental;Unfamiliar;Laboratory (H);;;;;;;;;;;;;;;;;;;;;;;
;;;;;;;Combination of sources;;;;;;;;;;;;;;;;;;;;;;;;;;;;;;;;;
;;;;;;;;;;;;;;;;;;;;;;;;;;;;;;;;;;;;;;;;
;;;;;;;;;;;;;;;;;;;;;;;;;;;;;;;;;;;;;;;;
22444869;pi241;Creating a communication system from scratch: Gesture beats vocalization hands down;"Fay N.; Lister C.; Ellison T. M; Goldin-Meadow S.";2014;Human;Humans (WEIRD);Combination of sources;NA;Not defined;Not mentioned;Both;Not defined;Narrow;Vocalizations;Experimental;Unfamiliar;Laboratory (H);;;;;;;;;;;;;;;;;;;;;;;
;;;;;;;Meaning;;;;;;;;;;;;;;;;;;;;;;;;;;;;;;;;;
;;;;;;;Structure;;;;;;;;;;;;;;;;;;;;;;;;;;;;;;;;;
;;;;;;;;;;;;;;;;;;;;;;;;;;;;;;;;;;;;;;;;
22445724;wos117;Deictic gestures and symbolic gestures produced by adults in an experimental context: Hand shapes and hand preferences;"Cochet H.; Vauclair J.";2014;Human;Humans (WEIRD);Form;NA;Defined - subtypes;Not mentioned;Manual;Not defined;Narrow;None;Experimental;Unfamiliar;Laboratory (H);;;;;;;;;;;;;;;;;;;;;;;
;;;;;;;Laterality;;;;;;;;;;;;;;;;;;;;;;;;;;;;;;;;;
;;;;;;;Meaning;;;;;;;;;;;;;;;;;;;;;;;;;;;;;;;;;
22445593;wos309;Developing gestures for no and yes Head shaking and nodding in infancy;"Kettner V. A.; Carpendale J. I. M.";2013;Human;Humans (WEIRD);Ontogeny;NA;Defined - subtypes;Not mentioned;Non-manual;Not defined;Narrow;Vocalizations;Observational;Familiar;Home;;;;;;;;;;;;;;;;;;;;;;;
;;;;;;;Meaning;;;;;;;;;;;;;;;;;;;;;;;;;;;;;;;;;
;;;;;;;Combination of sources;;;;;;;;;;;;;;;;;;;;;;;;;;;;;;;;;
22445156;wos630;Development of using experimenter-given cues in infant chimpanzees: longitudinal changes in behavior and cognitive development;"Okamoto‐Barth S.; Tomonaga M.; Tanaka M.; Matsuzawa T.";2008;Non-human;Chimpanzees;Ontogeny;NA;Defined - subtypes;Not mentioned;Both;Not defined;Narrow;None;Experimental;Unfamiliar;Laboratory (NH);;;;;;;;;;;;;;;;;;;;;;;
;;;;;;;Meaning;;;;;;;;;;;;;;;;;;;;;;;;;;;;;;;;;
22445308;pi150;Differences in the ability of apes and children to instruct others using gestures;"Grosse K.; Call J.; Carpenter M.; Tomasello M.";2015;Both;Humans (WEIRD);Ontogeny;NA;Defined - subtypes;Not mentioned;Manual;Not defined;Narrow;None;Experimental;Unfamiliar;Laboratory (H);;;;;;;;;;;;;;;;;;;;;;;
;;;;;;Chimpanzees;Meaning;;;;;;;;;;Laboratory (NH);;;;;;;;;;;;;;;;;;;;;;;
;;;;;;Bonobos;;;;;;;;;;;;;;;;;;;;;;;;;;;;;;;;;;
22445176;wos089;Do bonobos say NO by shaking their head?;"Schneider   C.; Call   J.; Liebal   K. ";2010;Non-human;Chimpanzees;Meaning;NA;Defined - subtypes;Not mentioned;Non-manual;Not defined;Narrow;None;Observational;Familiar;Captivity;;;;;;;;;;;;;;;;;;;;;;;
;;;;;;Bonobos;Form;;;;;;;;;;;;;;;;;;;;;;;;;;;;;;;;;
;;;;;;Gorillas;;;;;;;;;;;;;;;;;;;;;;;;;;;;;;;;;;
;;;;;;Orangutans;;;;;;;;;;;;;;;;;;;;;;;;;;;;;;;;;;
22445091;pi336;Do captive mandrills invent new gestures?;Laidre M. E. ;2008;Non-human;Mandrills;Meaning;NA;Not defined;Not mentioned;Manual;Not defined;Narrow;None;Observational;Familiar;Captivity;;;;;;;;;;;;;;;;;;;;;;;
;;;;;;;Form;;;;;;;;;;;;;;;;;;;;;;;;;;;;;;;;;
22445172;pi018;Do mechanical effectiveness and recipient species influence intentional signal laterality in captive chimpanzees (Pan troglodytes)?;"Prieur J.; Pika S.; Barbu S.; Blois-Heulin C. ";2018;Non-human;Chimpanzees;Laterality;"""we classified signals as gestures (movements of the limbs or head and body) only if they met the following criteria: they (a) were used to initiate (not continue) a social interaction, (b) were directed toward a particular recipient, (c) were mechanically ineffective""";Defined;Mentioned;Both;Sensitivity to the attentional state of the audience;Broad;None;Observational;Familiar;Captivity;0;1;0;0;1;1;na;1;1;1;na;0;1;1;1;1;0;1;1;na;na;1;
;;;;;;;;;;;;Response waiting;;;;;;;;;;;;;;;;;;;;;;;;;;;;
;;;;;;;;;;;;Persistence;;;;;;;;;;;;;;;;;;;;;;;;;;;;
;;;;;;;;;;;;Ceasing communication when the goal is achieved;;;;;;;;;;;;;;;;;;;;;;;;;;;;
;;;;;;;;;;;;(G) initiating social interaction;;;;;;;;;;;;;;;;;;;;;;;;;;;;
;;;;;;;;;;;;(G) directed to recipient;;;;;;;;;;;;;;;;;;;;;;;;;;;;
;;;;;;;;;;;;(G) mechanically ineffective;;;;;;;;;;;;;;;;;;;;;;;;;;;;
23080831;pi293;Dynamic, rhythmic facial expressions and the superior temporal sulcus of macaque monkeys: Implications for the evolution of audiovisual speech;"Ghazanfar A.; Chrasekaran C.; Morrill R.";2010;Non-human;Macaques;Neural processes;NA;Defined - subtypes;Not mentioned;Non-manual;Not defined;Narrow;Facial expressions;Experimental;Unfamiliar;Laboratory (NH);;;;;;;;;;;;;;;;;;;;;;;
;;;;;;;Structure;;;;;;;;;;;;;;;;;;;;;;;;;;;;;;;;;
;;;;;;;Form;;;;;;;;;;;;;;;;;;;;;;;;;;;;;;;;;
22445437;wos641;Environmental constraints shaping constituent order in emerging communication systems: Structural iconicity, interactive alignment and conventionalization;"Christensen P.; Fusaroli R.; Tylen K.";2016;Human;Humans (WEIRD);Structure;NA;Not defined;Not mentioned;Both;Not defined;Narrow;None;Experimental;Unfamiliar;Laboratory (H);;;;;;;;;;;;;;;;;;;;;;;
;;;;;;;Meaning;;;;;;;;;;;;;;;;;;;;;;;;;;;;;;;;;
;;;;;;;;;;;;;;;;;;;;;;;;;;;;;;;;;;;;;;;;
22444980;wos140;Evolving artificial sign languages in the lab: From improvised gesture to systematic sign;"Motamedi Y.; Schouwstra M.; Smith K.; Culbertson J.; Kirby S.";2019;Human;Humans (WEIRD);Structure;NA;Not defined;Not mentioned;NA;Not defined;Narrow;None;Experimental;Unfamiliar;Laboratory (H);;;;;;;;;;;;;;;;;;;;;;;
;;;;;;;Meaning;;;;;;;;;;;;;;;;;;;;;;;;;;;;;;;;;
;;;;;;;Form;;;;;;;;;;;;;;;;;;;;;;;;;;;;;;;;;
22445616;wos060;Examining the Use of Auditory Signals as 'Attention-Getters' in Zoo-Housed Gorillas (Gorilla gorilla gorilla) and Orangutans (Pongo pygmaeus and Hybrid);"Botting J.; Bastian M.";2019;Non-human;Gorillas;Meaning;NA;Defined - subtypes;Not mentioned;Manual;Not defined;Narrow;Vocalizations;Experimental;Familiar;Captivity;;;;;;;;;;;;;;;;;;;;;;;
;;;;;;Orangutans;Combination of sources;;;;;;;Facial Expressions;;;;;;;;;;;;;;;;;;;;;;;;;;
;;;;;;;Form;;;;;;;;;;;;;;;;;;;;;;;;;;;;;;;;;
22445144;wos490;Exploring Infant Gesture and Joint Attention as Related Constructs and as Predictors of Later Language;"Salo V. C.; Rowe M. L.; Reeb-Sutherl B. C.";2018;Human;Humans (WEIRD);Ontogeny;"""Gestures are a form of nonverbal communication through physical movements of the body (Cartmill, Demir, & Goldin-Meadow, 2012)""";Defined;Not mentioned;Both;Not defined;Broad;None;Observational;Unfamiliar;Laboratory (H);0;1;0;0;1;na;na;na;1;na;0;1;0;na;na;na;na;na;na;na;na;na;
;;;;;;;Meaning;;;;;;;;;;;;;;;;;;;;;;;;;;;;;;;;;
;;;;;;;;;;;;;;;;;;;;;;;;;;;;;;;;;;;;;;;;
22445591;wos651;Features of spontaneous pointing gestures in toddlers;"Cochet H.; Vauclair J.";2010;Human;Humans (WEIRD);Ontogeny;NA;Defined - subtypes;Not mentioned;Manual;Not defined;Narrow;Vocalizations;Observational;Familiar;Daycare;;;;;;;;;;;;;;;;;;;;;;;
;;;;;;;Laterality;;;;;;;;;;;;;;;;;;;;;;;;;;;;;;;;;
;;;;;;;Form;;;;;;;;;;;;;;;;;;;;;;;;;;;;;;;;;
;;;;;;;Meaning;;;;;;;;;;;;;;;;;;;;;;;;;;;;;;;;;
;;;;;;;Combination of sources;;;;;;;;;;;;;;;;;;;;;;;;;;;;;;;;;
22445285;pi423;Form and function in early communication: Language and pointing gestures;"Dobrich W.; Scarborough H. S. ";1984;Human;Humans (WEIRD);Ontogeny;NA;Not defined;Not mentioned;Manual;Not defined;Narrow;Vocalizations;Experimental;Familiar;Home;;;;;;;;;;;;;;;;;;;;;;;
;;;;;;;Combination of sources;;;;;;;;;;;;;;;;;;;;;;;;;;;;;;;;;
;;;;;;;Meaning;;;;;;;;;;;;;;;;;;;;;;;;;;;;;;;;;
;;;;;;;Laterality;;;;;;;;;;;;;;;;;;;;;;;;;;;;;;;;;
22445516;pi274;From action to discourse: The bridging function of gestures;Roth W. M.;2002;Human;Humans (WEIRD);Combination of sources;NA;Not defined;Not mentioned;Manual;Not defined;Narrow;Vocalizations;Observational;Familiar;School;;;;;;;;;;;;;;;;;;;;;;;
;;;;;;;Meaning;;;;;;;;;;;;;;;;;;;;;;;;;;;;;;;;;
;;;;;;;Structure;;;;;;;;;;;;;;;;;;;;;;;;;;;;;;;;;
;;;;;;;Form;;;;;;;;;;;;;;;;;;;;;;;;;;;;;;;;;
22445152;pi263;From action to language through gesture: A longitudinal perspective;"Capirci O.; Contaldo A.; Caselli M. C.; Volterra V. ";2005;Human;Humans (WEIRD);Ontogeny;NA;Defined - subtypes;Not mentioned;Both;Not defined;Broad;Vocalizations;Observational;Familiar;Home;;;;;;;;;;;;;;;;;;;;;;;
;;;;;;;Combination of sources;;;;;;;;;;;;;;;;;;;;;;;;;;;;;;;;;
;;;;;;;Structure;;;;;;;;;;;;;;;;;;;;;;;;;;;;;;;;;
;;;;;;;Meaning;;;;;;;;;;;;;;;;;;;;;;;;;;;;;;;;;
22445141;pi206;From hand to mouth in the evolution of language: The influence of vocal behavior on lateralized hand use in manual gestures by chimpanzees (Pan troglodytes);"Hopkins W.; Cantero M.";2003;Non-human;Chimpanzees;Combination of sources;NA;Not defined;Not mentioned;Manual;Not defined;Narrow;Vocalizations;Experimental;Familiar;Captivity;;;;;;;;;;;;;;;;;;;;;;;
;;;;;;;Laterality;;;;;;;;;;;;;;;;;;;;;;;;;;;;;;;;;
;;;;;;;Meaning;;;;;;;;;;;;;;;;;;;;;;;;;;;;;;;;;
22445112;wos310;From touching to communicating Forms of index finger use in the development of pointing;"Kettner V. A.; Carpendale J. I. M.";2018;Human;Humans (WEIRD);Form;NA;Defined - subtypes;Not mentioned;Manual;Not defined;Narrow;None;Observational;Familiar;Home;;;;;;;;;;;;;;;;;;;;;;;
;;;;;;;Ontogeny;;;;;;;;;;;;;;;;;;;;;;;;;;;;;;;;;
;;;;;;;Meaning;;;;;;;;;;;;;;;;;;;;;;;;;;;;;;;;;
22445255;wos675;Genetic and environmental contributions to the expression of handedness in chimpanzees (Pan troglodytes);"Hopkins W. D.; Adams M. J.; Weiss A.";2013;Non-human;Chimpanzees;Laterality;NA;Defined - subtypes;Not mentioned;Manual;Not defined;Narrow;None;Experimental;Familiar;Captivity;;;;;;;;;;;;;;;;;;;;;;;
;;;;;;;Meaning;;;;;;;;;;;;;;;;;;;;;;;;;;;;;;;;;
23080853;wos465;Gestural acquisition in great apes: the Social Negotiation Hypothesis;"Pika S.; Frohlich M.";2019;Non-human;Chimpanzees;Ontogeny;NA;Defined - subtypes;Not mentioned;Both;Goal-directed;Broad;Vocalizations;Observational;Familiar;Wild;;;;;;;;;;;;;;;;;;;;;;;
;;;;;;;Form;;;;;Directed to recipient;;;;;;;;;;;;;;;;;;;;;;;;;;;;
;;;;;;;Meaning;;;;;Change in recipient behaviour;;;;;;;;;;;;;;;;;;;;;;;;;;;;
;;;;;;;Combination of sources;;;;;;;;;;;;;;;;;;;;;;;;;;;;;;;;;
22445056;wos505;Gestural Communication and Mating Tactics in Wild Chimpanzees;"Roberts A. I.; Roberts S. G. B.";2015;Non-human;Chimpanzees;Form;"""voluntary movements of the limbs, or head and body postures, transmitted through visual, tactile or auditory channels, which appear to initiate a desired action""";Defined;Not mentioned;Both;Directed to recipient;Narrow;Vocalizations;Observational;Familiar;Wild;0;1;0;0;1;1;na;1;1;1;0;0;1;1;1;1;0;0;1;na;na;na;
;;;;;;;Combination of sources;;;;;Audience checking;;;;;;;;;;;;;;;;;;;;;;;;;;;;
;;;;;;;Meaning;;;;;Sensitivity to the attentional state of the audience;;;;;;;;;;;;;;;;;;;;;;;;;;;;
;;;;;;;;;;;;Persistence;;;;;;;;;;;;;;;;;;;;;;;;;;;;
;;;;;;;;;;;;Change in recipient behaviour;;;;;;;;;;;;;;;;;;;;;;;;;;;;
22445632;pi034;Gestural communication of the gorilla (Gorilla gorilla): Repertoire, intentionality and possible origins;"Genty E.; Breuer T.; Hobaiter C.; Byrne R. ";2009;Non-human;Gorillas;Form;"""non-mechanically effective acts, including body postures, body movements and movements of the limbs and head""";Defined;Mentioned;Both;Goal-directed;Broad;None;Observational;Familiar;Captivity;0;1;0;0;1;1;na;1;1;1;na;0;1;1;na;1;0;1;1;na;na;na;
;;;;;;;Meaning;;;;;Response waiting;;;;;Wild;;;;;;;;;;;;;;;;;;;;;;;
;;;;;;;;;;;;Persistence;;;;;;;;;;;;;;;;;;;;;;;;;;;;
;;;;;;;;;;;;Elaboration;;;;;;;;;;;;;;;;;;;;;;;;;;;;
22445099;pi014;Gestural communication of wild bonnet macaques in the Bandipur National Park, Southern India;"Gupta S.; Sinha A.";2019;Non-human;Macaques;Form;"""a discrete, mechanically ineffective movement of body parts deployed intentionally (with the aim of eliciting a behavioural response from the recipient)""";Defined;Mentioned;Both;Directed to recipient;Broad;None;Observational;Familiar;Wild;0;1;0;0;1;1;na;1;1;1;1;0;1;1;1;1;1;1;1;na;na;na;
;;;;;;;Meaning;;;;;Change in recipient behaviour;;;;;;;;;;;;;;;;;;;;;;;;;;;;
;;;;;;;;;;;;Response waiting;;;;;;;;;;;;;;;;;;;;;;;;;;;;
;;;;;;;;;;;;Persistence;;;;;;;;;;;;;;;;;;;;;;;;;;;;
;;;;;;;;;;;;Elaboration;;;;;;;;;;;;;;;;;;;;;;;;;;;;
;;;;;;;;;;;;;;;;;;;;;;;;;;;;;;;;;;;;;;;;
;;;;;;;;;;;;;;;;;;;;;;;;;;;;;;;;;;;;;;;;
22445567;wos102;Gestural repertoire size is associated with social proximity measures in wild chimpanzees;"Roberts A. I.; Chakrabarti A.; Roberts S. G. B.";2019;Non-human;Chimpanzees;Form;""" voluntary movements of the arms, head, body postures, and locomotory gaits ""; behavior classified as a gesture if it met following criteria: (i) the non-verbal behavior was an expressive movement of the limbs or head and body posture that was mechanically ineffective; (ii) the behavior was communicative by non-mechanical means (i.e., consistently produced a change in the behavior of recipient or facilitated maintenance of activity, e.g., grooming). ";Defined;Mentioned;Both;(G) mechanically ineffective;Broad;None;Observational;Familiar;Wild;0;1;0;0;1;1;na;1;1;1;1;0;1;1;1;1;0;0;1;na;na;na;
;;;;;;;Meaning;;;;;Goal-directed;;;;;;;;;;;;;;;;;;;;;;;;;;;;
;;;;;;;;;;;;Directed to recipient;;;;;;;;;;;;;;;;;;;;;;;;;;;;
;;;;;;;;;;;;Sensitivity to the attentional state of the audience;;;;;;;;;;;;;;;;;;;;;;;;;;;;
;;;;;;;;;;;;Persistence;;;;;;;;;;;;;;;;;;;;;;;;;;;;
;;;;;;;;;;;;;;;;;;;;;;;;;;;;;;;;;;;;;;;;
22445744;wos106;Gesture and speech in spontaneous and rehearsed narratives;"Chawla P.; Krauss R. M.";1994;Human;Humans (WEIRD);Combination of sources;NA;Defined - subtypes;Not mentioned;Manual;Not defined;Broad;Vocalizations;Experimental;Unfamiliar;Laboratory (H);;;;;;;;;;;;;;;;;;;;;;;
;;;;;;;Meaning;;;;;;;;;;;;;;;;;;;;;;;;;;;;;;;;;
22445120;wos092;Gesture handedness predicts asymmetry in the chimpanzee inferior frontal gyrus;"Taglialatela J. P.; Cantalupo C. ; Hopkins W. D.";2006;Non-human;Chimpanzees;Laterality;NA;Defined - subtypes;Not mentioned;Manual;Not defined;Narrow;None;Experimental;Both;Captivity;;;;;;;;;;;;;;;;;;;;;;;
;;;;;;;Neural processes;;;;;;;;;;Laboratory (NH);;;;;;;;;;;;;;;;;;;;;;;
;;;;;;;Meaning;;;;;;;;;;;;;;;;;;;;;;;;;;;;;;;;;
22445107;pi248;Gesture use in consortship: Wild chimpanzees' use of gesture for an 'evolutionarily urgent' purpose;"Hobaiter C.; Byrne R. W. ";2012;Non-human;Chimpanzees;Form;"""discrete, mechanically-ineffective physical movements of the body observed during periods of intentional communication""";Defined;Mentioned;Both;Audience checking;Narrow;Vocalizations;Observational;Familiar;Wild;0;1;0;0;1;1;na;1;1;1;na;0;1;1;na;1;0;1;1;na;na;na;
;;;;;;;Meaning;;;;;Response waiting;;;;;;;;;;;;;;;;;;;;;;;;;;;;
;;;;;;;Combination of sources;;;;;Persistence;;;;;;;;;;;;;;;;;;;;;;;;;;;;
;;;;;;;;;;;;;;;;;;;;;;;;;;;;;;;;;;;;;;;;
22444963;pi161;Gestures and social-emotional communicative development in chimpanzee infants;"Bard K. A.; Dunbar S.; Maguire-Herring V.; Veira Y.; Hayes   K. G.; McDonald K. ";2014;Non-human;Chimpanzees;Ontogeny;"""In terms of definition, almost all agree that the term “gesture” is reserved for those behaviors which meet the criteria of intentional communication or referential communication [e.g., Adamson, 1995; Bard, 1992; Leavens et al., 1996; Slocombe & Zuberbuhler, 2005]. These criteria include behavioral indices of both intentionality (goal‐directedness) and communication (reliance on a social partner)""";Defined;Mentioned;Both;Goal-directed;Broad;None;Observational;Unfamiliar;Laboratory (NH);0;1;0;0;1;1;0;1;1;1;na;0;1;;na;1;na;0;1;na;na;na;
;;;;;;;Form;;;;;Directed to recipient;;;;;;;;;;;;;;;;;;;;;;;;;;;;
;;;;;;;Meaning;;;;;Persistence;;;;;;;;;;;;;;;;;;;;;;;;;;;;
;;;;;;;;;;;;Elaboration;;;;;;;;;;;;;;;;;;;;;;;;;;;;
;;;;;;;;;;;;Audience checking;;;;;;;;;;;;;;;;;;;;;;;;;;;;
23080836;wos355;Gorilla Mothers Also Matter! New Insights on Social Transmission in Gorillas (Gorilla gorilla gorilla) in Captivity;"Luef E. M.; Pika S.";2013;Non-human;Gorillas;Form;NA;Defined - subtypes;Not mentioned;Both;Not defined;Broad;None;Observational;Familiar;Captivity;;;;;;;;;;;;;;;;;;;;;;;
;;;;;;;Meaning;;;;;;;;;;;;;;;;;;;;;;;;;;;;;;;;;
;;;;;;;;;;;;;;;;;;;;;;;;;;;;;;;;;;;;;;;;
;;;;;;;;;;;;;;;;;;;;;;;;;;;;;;;;;;;;;;;;
22445022;pi027;Gorillas are right-handed for their most frequent intraspecific gestures;"Prieur J.; Pika S.; Barbu S.; Blois-Heulin C. ";2016;Non-human;Gorillas;Laterality;"""the term ‘gesture’ is restricted to communication and defined as ‘movements of the limbs or head and body directed towards a recipient that are goal-directed, mechanically ineffective (that is, they are not designed to act as direct physical agents) and receive a voluntary response""";Defined;Mentioned;Both;Initiating social interaction;Broad;None;Observational;Familiar;Captivity;0;1;0;0;1;1;na;1;1;1;na;0;1;1;1;1;na;1;na;na;na;na;
;;;;;;;Form;;;;;Mechanically ineffective;;;;;;;;;;;;;;;;;;;;;;;;;;;;
;;;;;;;;;;;;Directed to recipient;;;;;;;;;;;;;;;;;;;;;;;;;;;;
;;;;;;;;;;;;Audience checking;;;;;;;;;;;;;;;;;;;;;;;;;;;;
;;;;;;;;;;;;Response waiting;;;;;;;;;;;;;;;;;;;;;;;;;;;;
;;;;;;;;;;;;(G) goal-directed;;;;;;;;;;;;;;;;;;;;;;;;;;;;
;;;;;;;;;;;;(G) mechanically ineffective;;;;;;;;;;;;;;;;;;;;;;;;;;;;
;;;;;;;;;;;;(G) elicit a voluntary response;;;;;;;;;;;;;;;;;;;;;;;;;;;;
22445701;pi143;Hadza handedness: Lateralized behaviors in a contemporary hunter-gatherer population;"Cavanagh T.; Berbesque J. C.; Wood B.; Marlowe F. ";2016;Human;Humans (non-WEIRD);Laterality;NA;Not defined;Not mentioned;Manual;Not defined;Broad;None;Observational;Familiar;Home;;;;;;;;;;;;;;;;;;;;;;;
;;;;;;;Meaning;;;;;;;;;;;;;;;;;;;;;;;;;;;;;;;;;
22445331;wos048;Hand gestures as visual prosody: BOLD responses to audio-visual alignment are modulated by the communicative nature of the stimuli;"Biau E.; Fernández L. M.; Holle H.; Avila C.; Soto-Faraco S.";2016;Human;Humans (WEIRD);Neural processes;NA;Defined - subtypes;Not mentioned;Manual;Not defined;Narrow;Vocalizations;Experimental;Unfamiliar;Laboratory (H);;;;;;;;;;;;;;;;;;;;;;;
;;;;;;;Combination of sources;;;;;;;;;;;;;;;;;;;;;;;;;;;;;;;;;
22445399;pi301;Hand-clapping as a communicative gesture by wild female swamp gorillas;"Kalan A.; Rainey H. ";2009;Non-human;Gorillas;Meaning;NA;Defined - subtypes;Not mentioned;Manual;Not defined;Narrow;None;Observational;Familiar;Wild;;;;;;;;;;;;;;;;;;;;;;;
;;;;;;;;;;;;;;;;;;;;;;;;;;;;;;;;;;;;;;;;
22444873;pi204;Handedness for manual gestures in great apes: A meta-analysis;"Hopkins W. D.; Pika S.; Liebal K.; Bania A.; Meguerditchian   A.; Gardner M.; Schapiro S. J. ";2012;Non-human;Chimpanzees;Laterality;NA;Not defined;Not mentioned;Manual;Not defined;Broad;None;Both;Familiar;Captivity;;;;;;;;;;;;;;;;;;;;;;;
;;;;;;Bonobos;Meaning;;;;;;;;;;;;;;;;;;;;;;;;;;;;;;;;;
;;;;;;Gorillas;;;;;;;;;;;;;;;;;;;;;;;;;;;;;;;;;;
;;;;;;Orangutans;;;;;;;;;;;;;;;;;;;;;;;;;;;;;;;;;;
22445238;wos508;Handedness in gestural and manipulative actions in male hunter-gatherer Aka pygmies from Central African Republic;"Robira B.; Pouydebat E.; San‐Galli A.; Meulman E. J.; Aubaile F.; Breuer T.; Masi S.";2018;Human;Humans (non-WEIRD);Laterality;"""form of nonverbal communication in which visible bodily actions communicate particular messages, either in place of speech or together in parallel with spoken words""";Defined;Not mentioned;Both;Not defined;Narrow;Vocalizations;Observational;Familiar;Home;0;0;1;0;1;na;na;na;na;na;na;0;1;na;na;na;na;na;na;na;na;na;
;;;;;;;Meaning;;;;;;;;;;;;;;;;;;;;;;;;;;;;;;;;;
;;;;;;;;;;;;;;;;;;;;;;;;;;;;;;;;;;;;;;;;
;;;;;;;;;;;;;;;;;;;;;;;;;;;;;;;;;;;;;;;;
22445492;pi243;High contextual sensitivity of metaphorical expressions and gesture blending: A video event-related potential design;"Ibáñez A.; Toro P.; Cornejo C.; Hurquina H.; Manes F.; Weisbrod M.; Schröder J.";2011;Human;Humans (WEIRD);Neural processes;NA;Not defined;Not mentioned;Manual;Not defined;Narrow;Vocalizations;Experimental;Unfamiliar;Laboratory (H);;;;;;;;;;;;;;;;;;;;;;;
;;;;;;;Combination of sources;;;;;;;;;;;;;;;;;;;;;;;;;;;;;;;;;
;;;;;;;Meaning;;;;;;;;;;;;;;;;;;;;;;;;;;;;;;;;;
22445241;wos609;How leaders influence followers through the use of nonverbal communication;"Talley L.; Temple S.";2015;Human;Humans (WEIRD);Meaning;NA;Defined - subtypes;Not mentioned;Manual;Not defined;Narrow;Vocalizations;Experimental;Unfamiliar;Laboratory (H);;;;;;;;;;;;;;;;;;;;;;;
;;;;;;;Form;;;;;;;;;;;;;;;;;;;;;;;;;;;;;;;;;
22445227;wos483;How the hands control attention during early word learning;"Rader N.D.; Zukow-Goldring P.";2010;Human;Humans (WEIRD);Combination of sources;NA;Not defined;Not mentioned;Manual;Not defined;Narrow;Vocalizations;Experimental;Unfamiliar;Laboratory (H);;;;;;;;;;;;;;;;;;;;;;;
;;;;;;;Meaning;;;;;;;;;;;;;;;;;;;;;;;;;;;;;;;;;
;;;;;;;Ontogeny;;;;;;;;;;;;;;;;;;;;;;;;;;;;;;;;;
22445330;wos016;How to Bootstrap a Human Communication System;"Fay N.; Arbib M.; Garrod S.";2013;Human;Humans (WEIRD);Combination of sources;NA;Not defined;Not mentioned;Both;Not defined;Narrow;Vocalizations;Experimental;Unfamiliar;Laboratory (H);;;;;;;;;;;;;;;;;;;;;;;
;;;;;;;Meaning;;;;;;;;;;;;;;;;;;;;;;;;;;;;;;;;;
;;;;;;;;;;;;;;;;;;;;;;;;;;;;;;;;;;;;;;;;
;;;;;;;;;;;;;;;;;;;;;;;;;;;;;;;;;;;;;;;;
22445096;wos028;Human laterality for manipulation and gestural communication related to 60 everyday activities: Impact of multiple individual-related factors;"Prieur J.; Barbu S.; Blois-Heulin C.";2018;Human;Humans (WEIRD);Laterality;"“movements of the limbs or head and body directed towards a recipient that are goal-directed, mechanically ineffective and receive a voluntary response""";Defined;Mentioned;Both;Not defined;Broad;Vocalizations;Observational;Familiar;Home;1;0;0;0;1;1;na;1;1;1;na;0;1;1;1;na;na;na;na;na;na;na;
;;;;;;;Meaning;;;;;(G) goal-directed;;;;;;;;;;;;;;;;;;;;;;;;;;;;
;;;;;;;;;;;;(G) mechanically ineffective;;;;;;;;;;;;;;;;;;;;;;;;;;;;
;;;;;;;;;;;;(G) change in recipient behaviour;;;;;;;;;;;;;;;;;;;;;;;;;;;;
22445119;pi306;Individual differences in social, cognitive, and morphological aspects of infant pointing;"Liszkowski U.; Tomasello M.";2011;Human;Humans (WEIRD);Form;NA;Not defined;Not mentioned;Manual;Not defined;Narrow;Vocalizations;Experimental;Unfamiliar;Laboratory (H);;;;;;;;;;;;;;;;;;;;;;;
;;;;;;;Ontogeny;;;;;;;;;;;;;;;;;;;;;;;;;;;;;;;;;
;;;;;;;Meaning;;;;;;;;;;;;;;;;;;;;;;;;;;;;;;;;;
;;;;;;;Combination of sources;;;;;;;;;;;;;;;;;;;;;;;;;;;;;;;;;
22444828;pi286;Integrating speech and iconic gestures in a Stroop-like task: Evidence for automatic processing;"Kelly S. D.; Creigh P.; Bartolotti J.";2009;Human;Humans (WEIRD);Neural processes;NA;Not defined;Not mentioned;Manual;Not defined;Narrow;Vocalizations;Experimental;Unfamiliar;Laboratory (H);;;;;;;;;;;;;;;;;;;;;;;
;;;;;;;Meaning;;;;;;;;;;;;;;;;;;;;;;;;;;;;;;;;;
;;;;;;;Combination of sources;;;;;;;;;;;;;;;;;;;;;;;;;;;;;;;;;
22445261;wos619;Intention or Attention Before Pointing: Do Infants' Early Holdout Gestures Reflect Evidence of a Declarative Motive?;"Boundy L.; Cameron-Faulkner T; Theakston A. ";2002;Human;Humans (WEIRD);Meaning;NA;Defined - subtypes;Not mentioned;Manual;Not defined;Narrow;Vocalizations;Experimental;Unfamiliar;Laboratory (H);;;;;;;;;;;;;;;;;;;;;;;
;;;;;;;Combination of sources;;;;;;;Facial Expressions;;;;;;;;;;;;;;;;;;;;;;;;;;
;;;;;;;Ontogeny;;;;;;;;;;;;;;;;;;;;;;;;;;;;;;;;;
22444816;pi308;Intentional and attentional dynamics of speech-hand coordination;"Treffner P.; Peter M.";2002;Human;Humans (WEIRD);Laterality;NA;Not defined;Not mentioned;Non-manual;Not defined;Narrow;Vocalizations;Experimental;Unfamiliar;Laboratory (H);;;;;;;;;;;;;;;;;;;;;;;
;;;;;;;Combination of sources;;;;;;;;;;;;;;;;;;;;;;;;;;;;;;;;;
22445490;wos159;Intentional communication between wild bonnet macaques and humans;"Deshpande A.; Sinha A.; Gupta S.";2018;Non-human;Macaques;Combination of sources;NA;Defined - subtypes;Mentioned;Manual;Directed to recipient;Narrow;Vocalizations;Both;Familiar;Wild;;;;;;;;;;;;;;;;;;;;;;;
;;;;;;;Meaning;;;;;Sensitivity to the attentional state of the audience;;;;;;;;;;;;;;;;;;;;;;;;;;;;
;;;;;;;Form;;;;;Attention getting behaviour;;;;;;;;;;;;;;;;;;;;;;;;;;;;
;;;;;;;;;;;;Response waiting;;;;;;;;;;;;;;;;;;;;;;;;;;;;
;;;;;;;;;;;;Persistence;;;;;;;;;;;;;;;;;;;;;;;;;;;;
;;;;;;;;;;;;Elaboration;;;;;;;;;;;;;;;;;;;;;;;;;;;;
22444870;wos550;Interpreting Silent Gesture: Cognitive Biases and Rational Inference in Emerging Language Systems;"Schouwstra M.; de Swart H.; Thompson   B; ";2019;Human;Humans (both);Structure;NA;Not defined;Not mentioned;NA;Not defined;Narrow;None;Experimental;Unfamiliar;Laboratory (H);;;;;;;;;;;;;;;;;;;;;;;
;;;;;;;Meaning;;;;;;;;;;;;;;;;;;;;;;;;;;;;;;;;;
;;;;;;;;;;;;;;;;;;;;;;;;;;;;;;;;;;;;;;;;
;;;;;;;;;;;;;;;;;;;;;;;;;;;;;;;;;;;;;;;;
22445615;pi092;Intraspecific gestural laterality in chimpanzees and gorillas and the impact of social propensities;"Prieur J.; Pika S.; Barbu S.; Blois-Heulin C.";2017;Non-human;Chimpanzees;Laterality;"""They (a) were used to initiate a social interaction, (b) were directed towards a recipient, (c) were mechanically ineffective (e.g. Pollick and de Waal, 2007), and (d) elicited a voluntary response by recipients.""";Defined;Mentioned;Both;Sensitivity to the attentional state of the audience;Broad;None;Observational;Familiar;Captivity;0;1;0;0;1;1;na;1;1;1;na;0;1;1;1;1;0;1;1;na;na;1;
;;;;;;Gorillas;Meaning;;;;;Response waiting;;;;;;;;;;;;;;;;;;;;;;;;;;;;
;;;;;;;Form;;;;;Persistence;;;;;;;;;;;;;;;;;;;;;;;;;;;;
;;;;;;;;;;;;Elaboration;;;;;;;;;;;;;;;;;;;;;;;;;;;;
;;;;;;;;;;;;Ceasing communication when the goal is achieved;;;;;;;;;;;;;;;;;;;;;;;;;;;;
;;;;;;;;;;;;(G) mechanically ineffective;;;;;;;;;;;;;;;;;;;;;;;;;;;;
;;;;;;;;;;;;(G) directed to recipient;;;;;;;;;;;;;;;;;;;;;;;;;;;;
;;;;;;;;;;;;(G) initiating social interaction;;;;;;;;;;;;;;;;;;;;;;;;;;;;
;;;;;;;;;;;;(G) elicit a voluntary response;;;;;;;;;;;;;;;;;;;;;;;;;;;;
22445079;pi429;Language development under atypical learning conditions: Replication and implications of a study of deaf children of hearing parents;Goldin-Meadow S.;2014;Human;Humans (WEIRD);Ontogeny;"""communicative gesture must meet both of the following criteria. First, the motion must be directed to another individual... Second the gesture must not be a direct motor act on the partner or on some relevant object"".";Defined;Mentioned;Manual;Directed to recipient;Broad;Vocalizations;Observational;Familiar;Home;0;0;1;0;1;na;na;na;1;1;na;0;1;1;na;na;na;na;na;na;na;na;
;;;;;;;Structure;;;;;(G) Mechanically ineffective;;;;;;;;;;;;;;;;;;;;;;;;;;;;
;;;;;;;Meaning;;;;;;;;;;;;;;;;;;;;;;;;;;;;;;;;;
;;;;;;;Form;;;;;;;;;;;;;;;;;;;;;;;;;;;;;;;;;
;;;;;;;Combination of sources;;;;;;;;;;;;;;;;;;;;;;;;;;;;;;;;;
22445323;pi137;Language, gesture, and handedness: Evidence for independent lateralized networks;"Haberling I. S.; Corballis P. M.; Corballis M. C.";2016;Human;Humans (WEIRD);Neural processes;NA;Not defined;Not mentioned;Manual;Not defined;Narrow;Vocalizations;Experimental;Unfamiliar;Laboratory (H);;;;;;;;;;;;;;;;;;;;;;;
;;;;;;;Laterality;;;;;;;;;;;;;;;;;;;;;;;;;;;;;;;;;
;;;;;;;Meaning;;;;;;;;;;;;;;;;;;;;;;;;;;;;;;;;;
;;;;;;;Combination of sources;;;;;;;;;;;;;;;;;;;;;;;;;;;;;;;;;
22445302;pi369;Linguistic influences on gesture's form;"Gerwing J.; Bavelas J.";2004;Human;Humans (WEIRD);Form;NA;Not defined;Not mentioned;Manual;Not defined;Narrow;None;Experimental;Unfamiliar;Laboratory (H);;;;;;;;;;;;;;;;;;;;;;;
;;;;;;;Meaning;;;;;;;;;;;;;;;;;;;;;;;;;;;;;;;;;
22445693;pi258;Mandrill visual gestures: A round-the-world study of the largest of all monkeys;Laidre M. E. ;2012;Non-human;Mandrills;Form;"""actions involving the freely-moving hands and arms, which visually communicate information to conspecifics and influence their behavior""";Defined;Not mentioned;Manual;Not defined;Narrow;None;Observational;Familiar;Captivity;0;0;1;0;1;0;0;0;na;na;na;0;1;na;na;na;na;na;na;na;na;na;
;;;;;;;Meaning;;;;;;;;;;;;;;;;;;;;;;;;;;;;;;;;;
22445250;wos061;Manipulating social cues in baboon gesture learning: what does it tell us about the evolution of communication?;"Bourjade M.; Gaunet F.; Maugard A.; Meguerditchian A.";2018;Non-human;Baboons;Form;NA;Not defined;Not mentioned;Manual;Not defined;Narrow;None;Experimental;Familiar;Captivity;;;;;;;;;;;;;;;;;;;;;;;
;;;;;;;Meaning;;;;;;;;;;;;;;;;;;;;;;;;;;;;;;;;;
22445600;pi398;Mapping the range of information contained in the iconic hand gestures that accompany spontaneous speech;"Beattie G.; Shovelton H.";1999;Human;Humans (WEIRD);Combination of sources;NA;Defined - subtypes;Not mentioned;Manual;Not defined;Narrow;Vocalizations;Experimental;Unfamiliar;Laboratory (H);;;;;;;;;;;;;;;;;;;;;;;
;;;;;;;Meaning;;;;;;;;;;;;;;;;;;;;;;;;;;;;;;;;;
;;;;;;;Form;;;;;;;;;;;;;;;;;;;;;;;;;;;;;;;;;
22445544;wos325;Meaningful Gesture in Monkeys? Investigating whether Mandrills Create Social Culture;Laidre M. E.;2011;Non-human;Mandrills;Meaning;""" ""all nonvocal actions with potential communicative significance.’’ Some gestures, for instance manual gestures, involve movements of the hands and arms in the vicinity of conspecifics, possibly exerting social or communicative effects. For a gesture, manual or otherwise, to qualify as ‘meaningful’ though it should be demonstrated to influence others’ behavior, altering their response pattern by either conveying information about the gesturer’s mood or otherwise manipulating what onlookers do""";Defined;Not mentioned;Manual;Not defined;Narrow;None;Observational;Familiar;Captivity;0;0;1;0;1;0;0;0;na;na;na;0;1;na;1;na;na;na;na;na;na;na;
;;;;;;;Form;;;;;;;;;;;;;;;;;;;;;;;;;;;;;;;;;
22445583;wos656;Measuring conventionalization in the manual modality;"Namboodiripad S.; Lenzen D.;  Lepic R.; Verhoef T.";2016;Human;Humans (WEIRD);Form;NA;Not defined;Not mentioned;Manual;Not defined;Narrow;Vocalizations;Experimental;Unfamiliar;Laboratory (H);;;;;;;;;;;;;;;;;;;;;;;
;;;;;;;Meaning;;;;;;;;;;;;;;;;;;;;;;;;;;;;;;;;;
;;;;;;;Combination of sources;;;;;;;;;;;;;;;;;;;;;;;;;;;;;;;;;
23080858;pi311;Monkey drumming reveals common networks for perceiving vocal and nonvocal communication sounds;"Remedios R.; Logothetis N.; Kayser C.";2009;Non-human;Macaques;Neural processes;NA;Defined - subtypes;Not mentioned;Manual;Not defined;Narrow;Vocalizations;Experimental;Both;Captivity;;;;;;;;;;;;;;;;;;;;;;;
;;;;;;;Meaning;;;;;;;;;;Laboratory (NH);;;;;;;;;;;;;;;;;;;;;;;
;;;;;;;Combination of sources;;;;;;;;;;;;;;;;;;;;;;;;;;;;;;;;;
;;;;;;;;;;;;;;;;;;;;;;;;;;;;;;;;;;;;;;;;
22445379;pi052;Motor acts and communicative gestures from 9 to 18 months of age in imperative and declarative context: Tracing the origin and development of pointing;"Aureli T.; Perucchini P.; Iverson J. M. ";2013;Human;Humans (WEIRD);Ontogeny;NA;Defined - subtypes;Not mentioned;Manual;Not defined;Narrow;None;Experimental;Unfamiliar;Laboratory (H);;;;;;;;;;;;;;;;;;;;;;;
;;;;;;;Form;;;;;;;;;;;;;;;;;;;;;;;;;;;;;;;;;
;;;;;;;Meaning;;;;;;;;;;;;;;;;;;;;;;;;;;;;;;;;;
22445707;wos614;Moving beyond 'meaning': Gorillas combine gestures into sequences for creative display;"Tanner J. E.; Perlman M.";2017;Non-human;Gorillas;Structure;NA;Not defined;Not mentioned;Both;Not defined;Broad;Vocalizations;Experimental;Familiar;Captivity;;;;;;;;;;;;;;;;;;;;;;;
;;;;;;;Meaning;;;;;;;;;;;;;;;;;;;;;;;;;;;;;;;;;
;;;;;;;;;;;;;;;;;;;;;;;;;;;;;;;;;;;;;;;;
;;;;;;;;;;;;;;;;;;;;;;;;;;;;;;;;;;;;;;;;
22445691;wos525;Multimodal Communication in Chimpanzees;"Taglialatela J. P.; Russell J. L.; Pope S. M.; Morton T.; Bogart S.; Reamer L. A.; Schapiro S. J.; Hopkins W. D.";2015;Non-human;Chimpanzees;Combination of sources;NA;Defined - subtypes;Not mentioned;Both;Not defined;Broad;Vocalizations;Observational;Familiar;Captivity;;;;;;;;;;;;;;;;;;;;;;;
;;;;;;;;;;;;;;;;;;;;;;;;;;;;;;;;;;;;;;;;
;;;;;;;;;;;;;;;;;;;;;;;;;;;;;;;;;;;;;;;;
;;;;;;;;;;;;;;;;;;;;;;;;;;;;;;;;;;;;;;;;
22444811;wos413;Neurophysiological origin of human brain asymmetry for speech and language;"Morillon B.; Lehongre K.; Frackowiak R. S.; Ducorps A.; Kleinschmidt A; Poeppel D.; Giraud A. L. ";2010;Human;Humans (WEIRD);Neural processes;NA;Not defined;Not mentioned;NA;Not defined;Narrow;Vocalizations;Experimental;Unfamiliar;Laboratory (H);;;;;;;;;;;;;;;;;;;;;;;
;;;;;;;Laterality;;;;;;;;;;;;;;;;;;;;;;;;;;;;;;;;;
22445033;wos541;Nonhuman primates do declare! A comparison of declarative symbol and gesture use in two children, two bonobos, and a chimpanzee;"Lyn H.; Greenfield P. M.; Savage-Rumbaugh S.; Gillespie-Lynch K.; Hopkins W. D.";2011;Both;Humans (WEIRD);Meaning;NA;Defined - subtypes;Not mentioned;Manual;Not defined;Broad;Vocalizations;Observational;Unfamiliar;Laboratory (H);;;;;;;;;;;;;;;;;;;;;;;
;;;;;;Chimpanzees;Combination of sources;;;;;;;Lexigrams;;;Laboratory (NH);;;;;;;;;;;;;;;;;;;;;;;
;;;;;;Bonobos;Ontogeny;;;;;;;;;;;;;;;;;;;;;;;;;;;;;;;;;
;;;;;;;Form;;;;;;;;;;;;;;;;;;;;;;;;;;;;;;;;;
22445242;pi131;Not here, there! Possible referential gesturing during allogrooming by wild bonnet macaques, Macaca radiata;"Gupta S.; Sinha A.";2016;Non-human;Macaques;Meaning;"""discrete, mechanically ineffective, physical movements of the body produced by body postures or the movement of body parts, including the limbs, head and/or facial muscles, targetted towards specific individuals and usually generat- ing a voluntary response.""";Defined;Mentioned;Both;Directed to recipient;Narrow;None;Observational;Familiar;Wild;1;0;0;0;1;na;na;na;1;1;;0;1;na;1;0;0;0;1;na;na;na;
;;;;;;;Form;;;;;Persistence;;;;;;;;;;;;;;;;;;;;;;;;;;;;
;;;;;;;;;;;;;;;;;;;;;;;;;;;;;;;;;;;;;;;;
;;;;;;;;;;;;;;;;;;;;;;;;;;;;;;;;;;;;;;;;
22445680;wos216;Olive baboons, Papio anubis, adjust their visual and auditory intentional gestures to the visual attention of others;"Bourjade M.; Meguerditchian A.; Maille A.; Gaunet F.; Vauclair J.";2014;Non-human;Baboons;Meaning;"""A communicative gesture has recently been defined as ‘any non-vocal bodily action directed to a recipient that is mechanically ineffective and represents a meaning, beyond itself, that is in part manifested by others of the social group""";Defined;Mentioned;Both;Goal-directed;Narrow;None;Experimental;Familiar;Captivity;1;0;0;0;1;1;0;1;1;1;0;0;1;1;1;0;0;0;1;na;na;na;
;;;;;;;Form;;;;;Persistence;;;;;;;;;;;;;;;;;;;;;;;;;;;;
;;;;;;;;;;;;Sensitivity to the attentional state of the audience;;;;;;;;;;;;;;;;;;;;;;;;;;;;
;;;;;;;;;;;;Attention getting behaviour;;;;;;;;;;;;;;;;;;;;;;;;;;;;
;;;;;;;;;;;;Audience checking;;;;;;;;;;;;;;;;;;;;;;;;;;;;
22445686;pi372;On gestural mimicry;Kimbara I.;2006;Human;Humans (WEIRD);Combination of sources;NA;Not defined;Not mentioned;Manual;Not defined;Narrow;Vocalizations;Both;Unfamiliar;Laboratory (H);;;;;;;;;;;;;;;;;;;;;;;
;;;;;;;Form;;;;;;;;;;;;;;;;;;;;;;;;;;;;;;;;;
;;;;;;;Structure;;;;;;;;;;;;;;;;;;;;;;;;;;;;;;;;;
22445178;wos527;Orangutan pantomime: elaborating the message;"Russon A.; Andrews K.";2011;Non-human;Orangutans;Meaning;NA;Defined - subtypes;Mentioned;Both;Goal-directed;Narrow;Vocalizations;Observational;Familiar;Wild;;;;;;;;;;;;;;;;;;;;;;;
;;;;;;;Form;;;;;Elaboration;;;;;;;;;;;;;;;;;;;;;;;;;;;;
;;;;;;;Structure;;;;;(G) directed to recipient;;;;;;;;;;;;;;;;;;;;;;;;;;;;
;;;;;;;Combination of sources;;;;;(G) goal-directed;;;;;;;;;;;;;;;;;;;;;;;;;;;;
;;;;;;;;;;;;(G) mechanically ineffective;;;;;;;;;;;;;;;;;;;;;;;;;;;;
22444979;pi252;Origins of the human pointing gesture: A training study;"Matthews D.; Behne T.; Lieven E.; Tomasello M.";2012;Human;Humans (WEIRD);Ontogeny;NA;Not defined;Not mentioned;Manual;Not defined;Narrow;Vocalizations;Experimental;Unfamiliar;Laboratory (H);;;;;;;;;;;;;;;;;;;;;;;
;;;;;;;Meaning;;;;;;;;;;;;;;;;;;;;;;;;;;;;;;;;;
;;;;;;;Form;;;;;;;;;;;;;;;;;;;;;;;;;;;;;;;;;
22445226;wos506;Persistence in gestural communication predicts sociality in wild chimpanzees;"Roberts   SGB; Roberts   AI";2019;Non-human;Chimpanzees;Structure;"""(1) the nonverbal behaviour was an expressive movement of the limbs or head and body posture that was mechanically ineffective, (2) the behaviour was communicative by non mechanical means (i.e., consistently produced a change in the behaviour of recipient or facilitated maintenance of activity, e.g., grooming).""";Defined;Mentioned;Both;Audience checking;Broad;Vocalizations;Observational;Familiar;Wild;0;1;0;0;1;1;na;1;1;1;0;0;1;1;0;0;0;0;1;0;0;0;
;;;;;;;Meaning;;;;;Persistence;;;;;;;;;;;;;;;;;;;;;;;;;;;;
;;;;;;;;;;;;Goal-directed;;;;;;;;;;;;;;;;;;;;;;;;;;;;
;;;;;;;;;;;;(G) mechanically ineffective;;;;;;;;;;;;;;;;;;;;;;;;;;;;
22444865;wos200;Play-solicitation gestures in chimpanzees in the wild: flexible adjustment to social circumstances and individual matrices;"Frohlich M.; Wittig R.M.; Pika S.";2016;Non-human;Chimpanzees;Form;"""directed, mechanically ineffective movement of the extremities, the body or body postures that elicited (requested) a voluntary response by the recipient """;Defined;Mentioned;Both;Sensitivity to the attentional state of the audience;Narrow;None;Observational;Familiar;Wild;0;1;0;0;1;1;na;1;1;1;na;0;1;1;1;1;0;1;1;na;na;na;
;;;;;;;Meaning;;;;;Persistence;;;;;;;;;;;;;;;;;;;;;;;;;;;;
;;;;;;;Ontogeny;;;;;Goal-directed;;;;;;;;;;;;;;;;;;;;;;;;;;;;
;;;;;;;;;;;;Response waiting;;;;;;;;;;;;;;;;;;;;;;;;;;;;
22444922;wos311;Playing Charades in the fMRI: Are Mirror and/or Mentalizing Areas Involved in Gestural Communication?;"Schippers M. B.; Gazzola V.; Goebel R.; Keysers C.";2009;Human;Humans (WEIRD);Neural processes;NA;Not defined;Not mentioned;Manual;Not defined;Narrow;None;Experimental;Unfamiliar;Laboratory (H);;;;;;;;;;;;;;;;;;;;;;;
;;;;;;;Meaning;;;;;;;;;;;;;;;;;;;;;;;;;;;;;;;;;
22445011;wos169;Pointing and pantomime in wild apes? Female bonobos use referential and iconic gestures to request genito-genital rubbing;"Douglas P. H.; Moscovice L. R.";2015;Non-human;Bonobos;Meaning;"""intentional gestures were defined as discrete movements of the limbs or body that were directed towards a recipient, adjusted to the attentional state of the recipient, mechanically ineffective, goal-directed, and were followed by persistence and/or elaboration of the gesture when initial communicative attempts were not successful.""";Defined;Mentioned;Both;Directed to recipient;Narrow;None;Observational;Familiar;Wild;0;1;0;0;1;0;0;1;1;1;na;0;1;1;0;1;0;na;1;na;na;na;
;;;;;;;Form;;;;;Sensitivity to the attentional state of the audience;;;;;;;;;;;;;;;;;;;;;;;;;;;;
;;;;;;;;;;;;Mechanically ineffective;;;;;;;;;;;;;;;;;;;;;;;;;;;;
;;;;;;;;;;;;Goal-directed;;;;;;;;;;;;;;;;;;;;;;;;;;;;
;;;;;;;;;;;;Persistence;;;;;;;;;;;;;;;;;;;;;;;;;;;;
22445489;wos342;Prelinguistic human infants and great apes show different communicative strategies in a triadic request situation;"Gretscher H.; Tempelmann S.; Haun D. B.; Liebal, K.; Kaminski J.";2017;Both;Humans (WEIRD);Ontogeny;NA;Defined - subtypes;Not mentioned;Both;Not defined;Narrow;Vocalizations;Experimental;Unfamiliar;Laboratory (H);;;;;;;;;;;;;;;;;;;;;;;
;;;;;;Chimpanzees;Form;;;;;;;;;;Laboratory (NH);;;;;;;;;;;;;;;;;;;;;;;
;;;;;;Gorillas;Combination of sources;;;;;;;;;;;;;;;;;;;;;;;;;;;;;;;;;
;;;;;;Orangutans;Meaning;;;;;;;;;;;;;;;;;;;;;;;;;;;;;;;;;
22445400;wos007;Production and comprehension show divergent constituent order preferences: Evidence from elicited pantomime;"Hall M. L.; Ahn Y. D.; Mayberry R. I.; Ferreira V. S.";2015;Human;Humans (WEIRD);Structure;NA;Not defined;Not mentioned;NA;Not defined;Narrow;None;Experimental;Unfamiliar;Laboratory (H);;;;;;;;;;;;;;;;;;;;;;;
;;;;;;;Meaning;;;;;;;;;;;;;;;;;;;;;;;;;;;;;;;;;
22444851;wos366;Prototyping with your hands: the many roles of gesture in the communication of design concepts;"Cash P.; Maier A.";2016;Human;Humans (WEIRD);Meaning;"""concerning the use of the hands and other parts of the body for communicative purposes""";Defined;Not mentioned;Both;Not defined;Narrow;Vocalizations;Experimental;Unfamiliar;Laboratory (H);0;1;0;0;1;na;na;na;1;na;0;1;0;0;na;na;na;na;na;na;na;na;
;;;;;;;Structure;;;;;;;;;;;;;;;;;;;;;;;;;;;;;;;;;
;;;;;;;Combination of sources;;;;;;;;;;;;;;;;;;;;;;;;;;;;;;;;;
22445551;wos468;Reciprocal greeting in chimpanzees (Pan troglodytes) at the Ngogo community;"Luef E. M.; Pika S.; ";2017;Non-human;Chimpanzees;Form;"Gestures used in greetings were noted in a field book describing the body parts that were involved. Greeting gestures included postural and manual-gestural performances, including tactile elements, as well as facial expressions (Goodall, 1986; Nishida, 1970). If a gesture fulfilled the following three categories and occurred in an instance of reunion of two individuals after some time of separation, it was recorded as a gestural greeting:
A gesture(1) was directed toward another individual, (measured by the use of eye gaze during gesture performance), (2) was mechanically ineffective (which means, it was not designed to act as direct physical agent), and (3) received a voluntary response of the recipient (which means the recipient could react freely contrary to a mechanic effect action such as a hit; Pika, 2008).";Defined;Mentioned;Both;Not defined;Narrow;Vocalizations;Observational;Familiar;Wild;1;0;0;0;1;0;0;1;1;1;1;0;1;1;1;na;na;na;na;na;na;na;
;;;;;;;Combination of sources;;;;;(G) directed to recipient;;Facial Expressions;;;;;;;;;;;;;;;;;;;;;;;;;;
;;;;;;;Meaning;;;;;(G) mechanically ineffective;;;;;;;;;;;;;;;;;;;;;;;;;;;;
;;;;;;;;;;;;(G) elicit a voluntary response;;;;;;;;;;;;;;;;;;;;;;;;;;;;
22444900;wos281;Relationship between manual preferences for object manipulation and pointing gestures in infants and toddlers;"Imbault   J; Vauclair J.";2009;Human;Humans (WEIRD);Ontogeny;"""Communicative gestures refer to deliberate gestures, such as depictive (or ‘symbolic’) gestures used to imitate an action or deictic gestures such as pointing, as well as to non-deliberate gestures that are produced during verbal productions""";Defined;Not mentioned;Manual;Not defined;Narrow;None;Experimental;Familiar;Daycare;0;0;1;0;1;na;0;na;1;na;na;0;1;na;na;na;na;na;na;na;na;na;
;;;;;;;Laterality;;;;;;;;;;;;;;;;;;;;;;;;;;;;;;;;;
;;;;;;;Meaning;;;;;;;;;;;;;;;;;;;;;;;;;;;;;;;;;
22445483;pi216;Repetitive Transcranial Magnetic Stimulation of Broca's Area Affects Verbal Responses to Gesture Observation;"Gentilucci M.; Bernardis P.; Crisi G.; Volta R.";2006;Human;Humans (WEIRD);Neural processes;NA;Not defined;Not mentioned;Manual;Not defined;Narrow;Vocalizations ;Experimental;Unfamiliar;Laboratory (H);;;;;;;;;;;;;;;;;;;;;;;
;;;;;;;Combination of sources;;;;;;;;;;;;;;;;;;;;;;;;;;;;;;;;;
;;;;;;;Meaning;;;;;;;;;;;;;;;;;;;;;;;;;;;;;;;;;
;;;;;;;Laterality;;;;;;;;;;;;;;;;;;;;;;;;;;;;;;;;;
22445360;pi085;Right-handedness predominance in 162 baboons (Papio anubis) for gestural communication: Consistency across time and groups;"Meguerditchian A.; Molesti S.; Vauclair J.";2011;Non-human;Baboons;Laterality;NA;Defined - subtypes;Not mentioned;Manual;Directed to recipient;Narrow;None;Observational;Familiar;Captivity;;;;;;;;;;;;;;;;;;;;;;;
;;;;;;;;;;;;Persistence;;;;;;;;;;;;;;;;;;;;;;;;;;;;
22444892;wos699;SEED Framework of Early Language Development: The Dynamic Coupling of Infant-Caregiver Perceiving and Acting Forms a Continuous Loop during Interaction;"Zukow-Goldring P.; Rader N. D.";2013;Human;Humans (WEIRD);Ontogeny;NA;Defined - subtypes;Not mentioned;Manual;Not defined;Narrow;Vocalizations ;Experimental;Unfamiliar;Laboratory (H);;;;;;;;;;;;;;;;;;;;;;;
;;;;;;;Meaning;;;;;;;;;;;;;;;;;;;;;;;;;;;;;;;;;
;;;;;;;Combination of sources;;;;;;;;;;;;;;;;;;;;;;;;;;;;;;;;;
22445711;pi219;Semiotic combinations in Pan: A comparison of communication in a chimpanzee and two bonobos;"Lyn H.; Greenfield P.; Savage-Rumbaugh S.";2010;Non-human;Bonobos;Structure;NA;Not defined;Not mentioned;Manual;Not defined;Broad;Lexigrams;Observational;Familiar;Captivity;;;;;;;;;;;;;;;;;;;;;;;
;;;;;;Chimpanzees;Combination of sources;;;;;;;;;;;;;;;;;;;;;;;;;;;;;;;;;
;;;;;;;Meaning;;;;;;;;;;;;;;;;;;;;;;;;;;;;;;;;;
;;;;;;;Ontogeny;;;;;;;;;;;;;;;;;;;;;;;;;;;;;;;;;
22445001;pi115;Social brain hypothesis: Vocal and gesture networks of wild chimpanzees;"Roberts S.; Roberts A.";2016;Non-human;Chimpanzees;Combination of sources;"""expressive movement of the limbs or head and body posture that was mechanically ineffective, communicative (i.e.,consistently produced change in the behavior of the recipient) and intentional""";Defined;Mentioned;Both;Directed to recipient;Broad;Vocalizations;Observational;Familiar;Wild;0;1;0;0;1;1;na;1;1;1;na;0;1;1;1;1;0;1;1;na;na;na;
;;;;;;;Meaning;;;;;Sensitivity to the attentional state of the audience;;;;;;;;;;;;;;;;;;;;;;;;;;;;
;;;;;;;;;;;;Persistence;;;;;;;;;;;;;;;;;;;;;;;;;;;;
;;;;;;;;;;;;Mechanically ineffective;;;;;;;;;;;;;;;;;;;;;;;;;;;;
;;;;;;;;;;;;Change in recipient behaviour;;;;;;;;;;;;;;;;;;;;;;;;;;;;
;;;;;;;;;;;;Audience checking;;;;;;;;;;;;;;;;;;;;;;;;;;;;
;;;;;;;;;;;;Response waiting;;;;;;;;;;;;;;;;;;;;;;;;;;;;
22445408;pi383;Social games between bonobos and humans: Evidence for shared intentionality?;"Pika S.; Zuberbühler K.";2008;Non-human;Bonobos;Meaning;"""expressive movements of limbs or head or body postures directed towards a recipient in a goal-directed and mechanically ineffective way, re- ceiving a voluntary response""";Defined;Mentioned;Both;Audience checking;Narrow;None;Experimental;Familiar;Semi-wild;0;1;0;0;1;1;na;1;1;1;1;0;1;1;1;1;0;1;na;na;na;na;
;;;;;;;Form;;;;;Response waiting;;;;;;;;;;;;;;;;;;;;;;;;;;;;
;;;;;;;;;;;;;;;;;;;;;;;;;;;;;;;;;;;;;;;;
;;;;;;;;;;;;;;;;;;;;;;;;;;;;;;;;;;;;;;;;
22444952;wos694;Spatial Reference in a Bonobo Gesture;"Genty E.; Zuberbuhler K.";2014;Non-human;Bonobos;Meaning;NA;Defined - subtypes;Not mentioned;Manual;Directed to recipient;Narrow;Vocalizations;Observational;Familiar;Semi-wild;;;;;;;;;;;;;;;;;;;;;;;
;;;;;;;Form;;;;;Sensitivity to the attentional state of the audience;;;;;;;;;;;;;;;;;;;;;;;;;;;;
;;;;;;;;;;;;Persistence;;;;;;;;;;;;;;;;;;;;;;;;;;;;
22445123;wos233;Statistical evidence that a child can create a combinatorial linguistic system without external linguistic input: Implications for language evolution;"Goldin-Meadow S.; Yang C.";2017;Human;Humans (WEIRD);Structure;"""the hand or body movement had to be communicative in intent (i.e., produced when the child had another’s attention), but was not a functional act on an object or person""";Defined;Mentioned;Both;Sensitivity to the attentional state of the audience;Narrow;None;Observational;Familiar;Home;0;1;0;0;1;na;na;na;1;1;1;1;0;1;na;1;1;na;na;na;na;na;
;;;;;;;Meaning;;;;;Mechanically ineffective;;;;;;;;;;;;;;;;;;;;;;;;;;;;
;;;;;;;Ontogeny;;;;;;;;;;;;;;;;;;;;;;;;;;;;;;;;;
22444976;wos068;Symbolic gestures and spoken language are processed by a common neural system;"Xu J.; Gannon P. J.; Emmorey K.; Smith J. F.; Braun A. R";2009;Human;Humans (WEIRD);Neural processes;NA;Defined - subtypes;Not mentioned;Manual;Not defined;Narrow;Vocalizations;Experimental;Unfamiliar;Laboratory (H);;;;;;;;;;;;;;;;;;;;;;;
;;;;;;;Combination of sources;;;;;;;;;;;;;;;;;;;;;;;;;;;;;;;;;
;;;;;;;Meaning;;;;;;;;;;;;;;;;;;;;;;;;;;;;;;;;;
;;;;;;;Laterality;;;;;;;;;;;;;;;;;;;;;;;;;;;;;;;;;
22445474;pi366;Symbolic gestures: The case of the Italian gestionary;Poggi I.;2002;Human;Humans (WEIRD);Form;"""any movement performed by hands, arms, and/or shoulders.""";Defined;Not mentioned;Manual;Not defined;Narrow;None;Observational;Familiar;Home;0;0;1;0;1;na;0;na;na;na;na;0;1;0;;na;na;na;na;na;na;na;
;;;;;;;Meaning;;;;;;;;;;;;;;;;;;;;;;;;;;;;;;;;;
;;;;;;;Structure;;;;;;;;;;;;;;;;;;;;;;;;;;;;;;;;;
23080834;wos415;Teaching to make stone tools: new experimental evidence supporting a technological hypothesis for the origins of language;"Lombao D.; Guardiola M.; Mosquera M.";2017;Human;Humans (WEIRD);Combination of sources;NA;Not defined;Not mentioned;Manual;Not defined;Narrow;Vocalizations;Experimental;Unfamiliar;Laboratory (H);;;;;;;;;;;;;;;;;;;;;;;
;;;;;;;Structure;;;;;;;;;;;;;;;;;;;;;;;;;;;;;;;;;
22445017;wos549;Temporal Structure in Emerging Language: From Natural Data to Silent Gesture;Schouwstra M.;2017;Human;Humans (WEIRD);Structure;NA;Not defined;Not mentioned;Manual;Not defined;Narrow;Vocalizations;Experimental;Unfamiliar;Laboratory (H);;;;;;;;;;;;;;;;;;;;;;;
;;;;;;;Combination of sources;;;;;;;;;;;;;;;;;;;;;;;;;;;;;;;;;
;;;;;;;Meaning;;;;;;;;;;;;;;;;;;;;;;;;;;;;;;;;;
22444905;pi325;The chimpanzee brain shows human-like perisylvian asymmetries in White matter;"Cantalupo C.; Oliver J.; Smith J.; Nir T.; Taglialatela J.; Hopkins W.";2009;Non-human;Chimpanzees;Neural processes;NA;Not defined;Not mentioned;Manual;Not defined;Narrow;None;Experimental;Both;Captivity;;;;;;;;;;;;;;;;;;;;;;;
;;;;;;;Laterality;;;;;;;;;;Laboratory (NH);;;;;;;;;;;;;;;;;;;;;;;
22444933;pi247;The development of multimodal explanations in French children;"Colletta J. M.; Pellenq C. ";2009;Human;Humans (WEIRD);Combination of sources;NA;Defined - subtypes;Not mentioned;Manual;Not defined;Narrow;Vocalizations;Both;Familiar;Daycare;;;;;;;;;;;;;;;;;;;;;;;
;;;;;;;Meaning;;;;;;;;;;;;;;;;;;;;;;;;;;;;;;;;;
;;;;;;;Ontogeny;;;;;;;;;;;;;;;;;;;;;;;;;;;;;;;;;
22445695;wos447;The Development of Symbolic Uses of Objects in Infants in a Triadic Context: A Pragmatic and Semiotic Perspective;"Palacios P.; Rodriguez C.";2015;Human;Humans (WEIRD);Ontogeny;NA;Not defined;Not mentioned;NA;Not defined;Narrow;Vocalizations;Experimental;Familiar;Home;;;;;;;;;;;;;;;;;;;;;;;
;;;;;;;Meaning;;;;;;;;;;;;;;;;;;;;;;;;;;;;;;;;;
;;;;;;;Combination of sources;;;;;;;;;;;;;;;;;;;;;;;;;;;;;;;;;
22445660;wos544;The distribution and development of handedness for manual gestures in captive chimpanzees (Pan troglodytes);"Hopkins W. D.; Russell J.; Freeman H.; Buehler N.; Reynolds E.; Schapiro S. J.";2005;Non-human;Chimpanzees;Laterality;NA;Not defined;Not mentioned;Manual;Not defined;Narrow;Vocalizations;Experimental;Familiar;Captivity;;;;;;;;;;;;;;;;;;;;;;;
;;;;;;;Ontogeny;;;;;;;;;;;;;;;;;;;;;;;;;;;;;;;;;
;;;;;;;Combination of sources;;;;;;;;;;;;;;;;;;;;;;;;;;;;;;;;;
;;;;;;;Meaning;;;;;;;;;;;;;;;;;;;;;;;;;;;;;;;;;
23080820;pi079;The emergence of systematicity: How environmental and communicative factors shape a novel communication system;"Nöelle J.; Staib M.; Fusaroli R.; Tylén K.";2018;Human;Humans (WEIRD);Meaning;NA;Not defined;Not mentioned;NA;Not defined;Narrow;None;Experimental;Unfamiliar;Laboratory (H);;;;;;;;;;;;;;;;;;;;;;;
;;;;;;;Structure;;;;;;;;;;;;;;;;;;;;;;;;;;;;;;;;;
;;;;;;;;;;;;;;;;;;;;;;;;;;;;;;;;;;;;;;;;
;;;;;;;;;;;;;;;;;;;;;;;;;;;;;;;;;;;;;;;;
22444975;wos253;The emerging grammar of nouns in a first generation sign language Specification, iconicity, and syntax;Havil J. B.;2013;Human;Humans (non-WEIRD);Structure;NA;Not defined;Not mentioned;NA;Not defined;Broad;None;Observational;Familiar;Home;;;;;;;;;;;;;;;;;;;;;;;
;;;;;;;Meaning;;;;;;;;;;;;;;;;;;;;;;;;;;;;;;;;;
;;;;;;;Form;;;;;;;;;;;;;;;;;;;;;;;;;;;;;;;;;
22444925;pi246;The genesis of language: How much time is needed to generate arbitrary symbols in a sign system?;"Morford J. P.; Singleton J. L.; Goldin-Meadow S.";1995;Human;Humans (WEIRD);Meaning;NA;Not defined;Not mentioned;Manual;Not defined;Narrow;None;Experimental;Unfamiliar;Laboratory (H);;;;;;;;;;;;;;;;;;;;;;;
;;;;;;;Form;;;;;;;;;;;;;;;;;;;;;;;;;;;;;;;;;
;;;;;;;Ontogeny;;;;;;;;;;;;;;;;;;;;;;;;;;;;;;;;;
22445287;pi409;The gestural repertoire and its evolution over the second year;"Blake J.; McConnell S.; Horton G.; Benson N.";1992;Human;Humans (WEIRD);Ontogeny;"""formal movements whose primary function is to communicate meaning that can be interpreted consistently within a shared system""";Defined;Not mentioned;Both;Directed to recipient;Broad;Vocalizations;Observational;Familiar;Home;0;1;0;0;1;na;na;1;1;1;0;0;1;na;na;1;0;na;na;na;na;na;
;;;;;;;Combination of sources;;;;;;;;;;;;;;;;;;;;;;;;;;;;;;;;;
;;;;;;;Meaning;;;;;;;;;;;;;;;;;;;;;;;;;;;;;;;;;
;;;;;;;;;;;;;;;;;;;;;;;;;;;;;;;;;;;;;;;;
22445297;wos261;The gestural repertoire of the wild chimpanzee;"Hobaiter C.; Byrne R. W.";2011;Non-human;Chimpanzees;Form;"""Gestures were defined as discrete, mechanically ineffective physical movements of the body observed during periods of intentional communication. These movements included movements of the whole body, limbs and head, but not facial expressions or static body postures.""";Defined;Mentioned;Both;Directed to recipient;Broad;Vocalizations;Observational;Familiar;Wild;0;1;0;0;1;1;na;1;1;1;na;0;1;1;1;1;0;0;1;na;na;na;
;;;;;;;Meaning;;;;;Sensitivity to the attentional state of the audience;;;;;;;;;;;;;;;;;;;;;;;;;;;;
;;;;;;;;;;;;Persistence;;;;;;;;;;;;;;;;;;;;;;;;;;;;
;;;;;;;;;;;;Audience checking;;;;;;;;;;;;;;;;;;;;;;;;;;;;
;;;;;;;;;;;;Change in recipient behaviour;;;;;;;;;;;;;;;;;;;;;;;;;;;;
22444863;wos354;The hand-on gesture in gorillas (Gorilla gorilla);"Luef E. M.; Liebal K.";2013;Non-human;Gorillas;Meaning;NA;Defined - subtypes;Mentioned;Manual;Audience checking;Narrow;None;Observational;Familiar;Captivity;;;;;;;;;;;;;;;;;;;;;;;
;;;;;;;Form;;;;;Response waiting;;;;;;;;;;;;;;;;;;;;;;;;;;;;
22444987;wos278;The higher the farther: distance-specific referential gestures in chimpanzees (Pan troglodytes);"Gonseth C.; Kawakami F.; Ichino E.; Tomonaga M.";2017;Non-human;Chimpanzees;Meaning;NA;Defined - subtypes;Not mentioned;Manual;Sensitivity to the attentional state of the audience;Narrow;Vocalizations;Experimental;Unfamiliar;Laboratory (NH);;;;;;;;;;;;;;;;;;;;;;;
;;;;;;;Form;;;;;;;;;;;;;;;;;;;;;;;;;;;;;;;;;
22445453;wos086;The Meanings of Chimpanzee Gestures;"Hobaiter C.; Byrne R. W.";2014;Non-human;Chimpanzees;Meaning;"""We defined gestures as discrete, mechanically ineffective physical movements of the body observed during intentional communication""";Defined;Mentioned;Both;Change in recipient behaviour;Broad;None;Observational;Familiar;Wild;0;1;0;0;1;1;na;1;1;1;na;0;1;1;1;1;0;na;na;na;na;0;
;;;;;;;Form;;;;;Goal-directed;;;;;;;;;;;;;;;;;;;;;;;;;;;;
;;;;;;;;;;;;;;;;;;;;;;;;;;;;;;;;;;;;;;;;
;;;;;;;;;;;;;;;;;;;;;;;;;;;;;;;;;;;;;;;;
22445556;pi189;The neural correlates of affect reading: An fMRI study on faces and gestures;"Prochnow D.; Höing B.; Kleiser R.; Lindenberg R.; Wittsack H.J.; Schäfe R.; Franz M.; Seitz R. J. ";2013;Human;Humans (WEIRD);Neural processes;NA;Defined - subtypes;Not mentioned;Manual;Not defined;Narrow;Facial expressions;Experimental;Unfamiliar;Laboratory (H);;;;;;;;;;;;;;;;;;;;;;;
;;;;;;;Laterality;;;;;;;;;;;;;;;;;;;;;;;;;;;;;;;;;
;;;;;;;Meaning;;;;;;;;;;;;;;;;;;;;;;;;;;;;;;;;;
;;;;;;;Combination of sources;;;;;;;;;;;;;;;;;;;;;;;;;;;;;;;;;
22445619;pi217;The ontogenetic ritualization of bonobo gestures;"Halina M.; Rossano F.; Tomasello M.";2013;Non-human;Bonobos;Ontogeny;"""we defined a gesture as any mechanically ineffective behavior that succeeded in bringing about a carry by providing a recipient with visual or tactile information expressing one’s intention to initiate a carry.""";Defined;Mentioned;Both;Directed to recipient;Narrow;None;Observational;Familiar;Captivity;0;1;0;0;1;0;0;1;1;1;na;0;1;1;1;1;na;1;na;na;na;1;
;;;;;;;Meaning;;;;;Ceasing communication when the goal is achieved;;;;;;;;;;;;;;;;;;;;;;;;;;;;
;;;;;;;Form;;;;;Response waiting;;;;;;;;;;;;;;;;;;;;;;;;;;;;
;;;;;;;;;;;;(G) mechanically ineffective;;;;;;;;;;;;;;;;;;;;;;;;;;;;
22445392;wos201;The ontogeny of intentional communication in chimpanzees in the wild;"Frohlich M.; Wittig R. M.; Pika S.";2019;Non-human;Chimpanzees;Ontogeny;"""directed, mechanically ineffective movements of the extremities or body, or body postures, allowing for a voluntary response of the recipient""";Defined;Mentioned;Both;Audience checking;Broad;Vocalizations;Observational;Familiar;Wild;0;1;0;0;1;1;na;1;1;1;na;0;1;1;1;0;0;0;1;0;0;0;
;;;;;;;Combination of sources;;;;;Persistence;;;;;;;;;;;;;;;;;;;;;;;;;;;;
;;;;;;;Meaning;;;;;Sensitivity to the attentional state of the audience;;;;;;;;;;;;;;;;;;;;;;;;;;;;
22445363;wos234;The ontogeny of triadic cooperative interactions with humans in an infant gorilla;Gomez J. C.;2010;Non-human;Gorillas;Ontogeny;NA;Defined - subtypes;Not mentioned;Manual;Not defined;Narrow;Vocalizations;Observational;Familiar;Captivity;;;;;;;;;;;;;;;;;;;;;;;
;;;;;;;Form;;;;;;;Facial expressions;;;;;;;;;;;;;;;;;;;;;;;;;;
23080829;wos438;The origin of pointing: Evidence for the touch hypothesis;"O'Madagain C.; Kachel G.; Strickland B.";2019;Human;Humans (WEIRD);Ontogeny;NA;Not defined;Not mentioned;Manual;Not defined;Narrow;None;Experimental;Unfamiliar;Laboratory (H);;;;;;;;;;;;;;;;;;;;;;;
;;;;;;;Form;;;;;;;;;;;;;;;;;;;;;;;;;;;;;;;;;
22445240;pi157;The repertoire and intentionality of gestural communication in wild chimpanzees;"Roberts A. I.; Roberts S. G. B.; Vick S. J.";2014;Non-human;Chimpanzees;Form;"""gestural communication if it was a movement of the limbs, body, head or locomotory gait that was (1) intentional as determined by signaller directing gesture at recipient and monitoring the recipient’s response during and after gesture, or by persistence of gesture production when recipient failed to respond; and (2) communicative, in terms of being capable of reception, having a discernible function and consistently inducing change in recipient’s behaviour by non-mechanical means""";Defined;Mentioned;Both;Directed to recipient;Broad;None;Observational;Familiar;Wild;0;1;0;0;1;1;na;1;1;1;na;0;1;1;0;1;na;1;1;na;na;na;
;;;;;;;Meaning;;;;;Audience checking;;;;;;;;;;;;;;;;;;;;;;;;;;;;
;;;;;;;Structure;;;;;Response waiting;;;;;;;;;;;;;;;;;;;;;;;;;;;;
;;;;;;;;;;;;Persistence;;;;;;;;;;;;;;;;;;;;;;;;;;;;
23080807;pi193;The role of human parietal area 7A as a link between sequencing in hand actions and in overt speech production;"Heim S.; Amunts K.; Hensel T.; Grande M.; Huber W.; Binkofski F.; Eickhoff S.";2012;Human;Humans (WEIRD);Neural processes;NA;Not defined;Not mentioned;Non-manual;Not defined;Narrow;Vocalizations;Experimental;Unfamiliar;Laboratory (H);;;;;;;;;;;;;;;;;;;;;;;
;;;;;;;Combination of sources;;;;;;;;;;;;;;;;;;;;;;;;;;;;;;;;;
;;;;;;;Laterality;;;;;;;;;;;;;;;;;;;;;;;;;;;;;;;;;
22445430;pi213;The role of pictures and gestures as nonverbal aids in preschoolers' word learning in a novel language;"Rowe M.; Silverman R.; Mullan B.";2013;Human;Humans (WEIRD);Meaning;NA;Not defined;Not mentioned;Manual;Not defined;Narrow;Vocalizations;Experimental;Unfamiliar;Laboratory (H);;;;;;;;;;;;;;;;;;;;;;;
;;;;;;;Ontogeny;;;;;;;;;;;;;;;;;;;;;;;;;;;;;;;;;
;;;;;;;Combination of sources;;;;;;;;;;;;;;;;;;;;;;;;;;;;;;;;;
22445249;pi184;The semantic origins of word order;"Schouwstra M.; de Swart H.";2014;Human;Humans (Both);Structure;NA;Not defined;Not mentioned;NA;Not defined;Narrow;None;Experimental;Unfamiliar;Laboratory (H);;;;;;;;;;;;;;;;;;;;;;;
;;;;;;;Meaning;;;;;;;;;;;;;;;;;;;;;;;;;;;;;;;;;
22445651;pi136;The social reach: 8-month-olds reach for unobtainable objects in the presence of another person;"Ramenzoni V.; Liszkowski U.";2016;Human;Humans (WEIRD);Form;NA;Defined - subtypes;Not mentioned;Manual;Not defined;Narrow;Vocalizations;Experimental;Unfamiliar;Laboratory (H);;;;;;;;;;;;;;;;;;;;;;;
;;;;;;;Combination of sources;;;;;;;;;;;;;;;;;;;;;;;;;;;;;;;;;
;;;;;;;Ontogeny;;;;;;;;;;;;;;;;;;;;;;;;;;;;;;;;;
22445391;wos267;The sound of one-hand clapping: handedness and perisylvian neural correlates of a communicative gesture in chimpanzees;"Meguerditchian A.; Gardner M. J.; Schapiro S. J.; Hopkins W. D.";2012;Non-human;Chimpanzees;Laterality;NA;Not defined;Not mentioned;Manual;Not defined;Narrow;None;Experimental;Both;Captivity;;;;;;;;;;;;;;;;;;;;;;;
;;;;;;;Neural processes;;;;;;;;;;Laboratory (NH);;;;;;;;;;;;;;;;;;;;;;;
22445231;pi435;The transformation of sensorimotor morphemes into words: A case study of the development of 'more' and 'mine';Carter A. L. ;1975;Human;Humans (WEIRD);Ontogeny;NA;Not defined;Not mentioned;Manual;Not defined;Narrow;Vocalizations;Experimental;Unfamiliar;Laboratory (H);;;;;;;;;;;;;;;;;;;;;;;
;;;;;;;Combination of sources;;;;;;;;;;;;;;;;;;;;;;;;;;;;;;;;;
22444951;pi354;To move or not to move: How apes adjust to the attentional state of others;"Liebal K.; Pika S.; Call J.; Tomasello M.";2004;Non-human;Orangutans;Form;NA;Defined - subtypes;Not mentioned;Both;Goal-directed;Narrow;Vocalizations;Experimental;Familiar;Captivity;;;;;;;;;;;;;;;;;;;;;;;
;;;;;;Gorillas;Combination of sources;;;;;Directed to recipient;;;;;;;;;;;;;;;;;;;;;;;;;;;;
;;;;;;Chimpanzees;Meaning;;;;;;;;;;;;;;;;;;;;;;;;;;;;;;;;;
;;;;;;Bonobos;;;;;;;;;;;;;;;;;;;;;;;;;;;;;;;;;;
22445199;wos503;Usage and comprehension of manual gestures in wild chimpanzees;"Roberts A. I.; Vick S. J.; Buchanan-Smith H. M.";2012;Non-human;Chimpanzees;Form;"""Behaviour was considered as a manual gesture if it was a movement of the limbs that was visual (did not affect behaviour in the recipient by any mechanical means), communicative (i.e. the signal induced a change in the behaviour of the recipient on at least 60% of occasions) and intentional""";Defined;Mentioned;Manual;Directed to recipient;Broad;None;Observational;Familiar;Wild;0;0;1;0;1;1;0;1;0;0;na;0;1;1;1;1;0;1;1;na;na;na;
;;;;;;;Meaning;;;;;Sensitivity to the attentional state of the audience;;;;;;;;;;;;;;;;;;;;;;;;;;;;
;;;;;;;Structure;;;;;Audience checking;;;;;;;;;;;;;;;;;;;;;;;;;;;;
;;;;;;;;;;;;Response waiting;;;;;;;;;;;;;;;;;;;;;;;;;;;;
;;;;;;;;;;;;Persistence;;;;;;;;;;;;;;;;;;;;;;;;;;;;
;;;;;;;;;;;;Elaboration;;;;;;;;;;;;;;;;;;;;;;;;;;;;
;;;;;;;;;;;;(G) mechanically ineffective;;;;;;;;;;;;;;;;;;;;;;;;;;;;
;;;;;;;;;;;;(G) change in recipient behaviour;;;;;;;;;;;;;;;;;;;;;;;;;;;;
22445338;pi048;Visual attention, indicative gestures, and calls accompanying gestural communication are associated with sociality in wild chimpanzees (Pan troglodytes schweinfurthii);"Roberts S. G. B.; Roberts A. I.";2018;Non-human;Chimpanzees;Meaning;"""expressive movement of the limbs or head and body posture. First, the behavior was mechanically ineffective—a gesture always elicited a change in the recipient’s behavior by nonmechanical means, rather than by for example physically manipulating a limb of the recipient into a desired position. Second, gestures were communicative—at the level of the gesture type, communication was consistently associated with a change in the behavior of the recipient after the signal. Thus, gestures always occurred in social circumstances—a chimpanzee turning its back simply to change position would not be considered a gesture, whereas a chimpanzee turning its back to initiate being groomed would be considered a gesture. Third, instances of behavior had to be intentional to be classified as a gesture.""";Defined;Mentioned;Both;Directed to recipient;Broad;Vocalizations;Observational;Familiar;Wild;0;1;0;0;1;1;na;1;1;1;na;0;1;1;1;1;na;1;1;na;na;na;
;;;;;;;Combination of sources;;;;;Response waiting;;;;;;;;;;;;;;;;;;;;;;;;;;;;
;;;;;;;;;;;;Persistence;;;;;;;;;;;;;;;;;;;;;;;;;;;;
;;;;;;;;;;;;(G) mechanically ineffective;;;;;;;;;;;;;;;;;;;;;;;;;;;;
;;;;;;;;;;;;(G) change in recipient behaviour;;;;;;;;;;;;;;;;;;;;;;;;;;;;
22445639;wos219;Vocal-gestural combinations in infant bonobos: new insights into signal functional specificity;Genty E.;2019;Non-human;Bonobos;Combination of sources;NA;Not defined;Not mentioned;Both;Not defined;Narrow;Vocalizations;Observational;Familiar;Semi-wild;;;;;;;;;;;;;;;;;;;;;;;
;;;;;;;Meaning;;;;;;;;;;;;;;;;;;;;;;;;;;;;;;;;;
;;;;;;;Form;;;;;;;;;;;;;;;;;;;;;;;;;;;;;;;;;
;;;;;;;Ontogeny;;;;;;;;;;;;;;;;;;;;;;;;;;;;;;;;;
22445357;wos073;What gestures do: Some communicative functions of quotable gestures in conversations among Black urban South Africans;Brookes H.;2005;Human;Humans (non-WEIRD);Form;NA;Not defined;Not mentioned;Manual;Not defined;Broad;Vocalizations;Observational;Familiar;Home;;;;;;;;;;;;;;;;;;;;;;;
;;;;;;;Combination of sources;;;;;;;;;;;;;;;;;;;;;;;;;;;;;;;;;
;;;;;;;Meaning;;;;;;;;;;;;;;;;;;;;;;;;;;;;;;;;;
22445658;pi070;What is a gesture? A meaning-based approach to defining gestural repertoires;"Hobaiter C.; Byrne R.";2017;Non-human;Chimpanzees;Meaning;"""We deﬁned gestures as discrete, mechanically ineffective physical movement so the body observed during intentional communication""";Defined;Mentioned;Both;Change in recipient behaviour;Broad;None;Observational;Familiar;Wild;0;1;0;0;1;1;na;1;1;1;na;0;1;1;1;1;0;1;1;na;na;na;
;;;;;;;Form;;;;;Response waiting;;;;;;;;;;;;;;;;;;;;;;;;;;;;
;;;;;;;;;;;;Audience checking;;;;;;;;;;;;;;;;;;;;;;;;;;;;
;;;;;;;;;;;;Persistence;;;;;;;;;;;;;;;;;;;;;;;;;;;;
;;;;;;;;;;;;(G) mechanically ineffective;;;;;;;;;;;;;;;;;;;;;;;;;;;;
22445301;pi169;What is the nature of the gestural communication of great apes?;Pika S.;2008;Non-human;Bonobos;Meaning;"""expressive movements of the limbs or head and body postures that are directed toward a recipient, are and mechanically ineffective (which means, they are not designed to act as direct physical agents), and receive a voluntary response. """;Defined;Mentioned;Both;Audience checking;Broad;None;Observational;Familiar;Captivity;0;1;0;0;1;1;na;1;1;1;1;0;1;1;1;1;0;1;na;na;na;na;
;;;;;;Chimpanzees;Form;;;;;Response waiting;;;;;;;;;;;;;;;;;;;;;;;;;;;;
;;;;;;Orangutans;;;;;;Flexibility;;;;;;;;;;;;;;;;;;;;;;;;;;;;
;;;;;;Gorillas;;;;;;Sensitivity to the attentional state of the audience;;;;;;;;;;;;;;;;;;;;;;;;;;;;
22445243;wos301;When apes point the finger Three great ape species fail to use a conspecific's imperative pointing gesture;"Tempelmann S.; Kaminski J.; Liebal K.";2013;Non-human;Chimpanzees;Meaning;NA;Not defined;Not mentioned;Manual;Not defined;Narrow;None;Experimental;Unfamiliar;Laboratory (NH);;;;;;;;;;;;;;;;;;;;;;;
;;;;;;Bonobos;;;;;;;;;;;;;;;;;;;;;;;;;;;;;;;;;;
;;;;;;Orangutans;;;;;;;;;;;;;;;;;;;;;;;;;;;;;;;;;;
22445317;wos382;When does a system become phonological? Handshape production in gesturers, signers, and homesigners;"Brentari D.; Coppola M.; Mazzoni L.; Goldin-Meadow S.";2012;Human;Humans (WEIRD);Form;NA;Not defined;Not mentioned;Manual;Not defined;Narrow;None;Experimental;Unfamiliar;Laboratory (H);;;;;;;;;;;;;;;;;;;;;;;
;;;;;;;Structure;;;;;;;;;;;;;;;;;;;;;;;;;;;;;;;;;
;;;;;;;Meaning;;;;;;;;;;;;;;;;;;;;;;;;;;;;;;;;;
22445211;wos501;Wild chimpanzees modify modality of gestures according to the strength of social bonds and personal network size;"Roberts A. I.; Roberts S. G. B.";2016;Non-human;Chimpanzees;Meaning;"""expressive movement of the limbs or head and body posture that was mechanically ineffective (a gesture always elicited a change in recipient’s behaviour by non-mechanical means), (2) behaviour was communicative (i.e. produced a change in the behaviour of recipient on at least 60% of occasions) and (3) behaviour was goal-directed (intentional)""";Defined;Mentioned;Both;Directed to recipient;Broad;None;Observational;Familiar;Wild;0;1;0;0;1;1;na;1;1;1;;0;1;1;1;1;0;1;1;na;na;na;
;;;;;;;;;;;;Sensitivity to the attentional state of the audience;;;;;;;;;;;;;;;;;;;;;;;;;;;;
;;;;;;;;;;;;Goal-directed;;;;;;;;;;;;;;;;;;;;;;;;;;;;
;;;;;;;;;;;;Response waiting;;;;;;;;;;;;;;;;;;;;;;;;;;;;
;;;;;;;;;;;;Persistence;;;;;;;;;;;;;;;;;;;;;;;;;;;;
;;;;;;;;;;;;(G) mechanically ineffective;;;;;;;;;;;;;;;;;;;;;;;;;;;;
22444993;wos695;Wild chimpanzees' use of single and combined vocal and gestural signals;"Hobaiter C.; Byrne R. W.; Zuberbuhler K.";2017;Non-human;Chimpanzees;Combination of sources;NA;Not defined;Not mentioned;NA;Response waiting;Broad;Vocalizations;Observational;Familiar;Wild;;;;;;;;;;;;;;;;;;;;;;;
;;;;;;;Meaning;;;;;Persistence;;;;;;;;;;;;;;;;;;;;;;;;;;;;
;;;;;;;;;;;;;;;;;;;;;;;;;;;;;;;;;;;;;;;;
;;;;;;;;;;;;;;;;;;;;;;;;;;;;;;;;;;;;;;;;
22445275;wos316;Young Children Make Their Gestural Communication Systems More Language-Like: Segmentation and Linearization of Semantic Elements in Motion Events;"Clay Z.; Pople S.; Hood B;Kita S.; ";2014;Human;Humans (WEIRD);Structure;NA;Not defined;Not mentioned;Manual;Not defined;Narrow;None ;Experimental;Unfamiliar;Laboratory (H);;;;;;;;;;;;;;;;;;;;;;;
;;;;;;;Ontogeny;;;;;;;;;;;;;;;;;;;;;;;;;;;;;;;;;
;;;;;;;Meaning;;;;;;;;;;;;;;;;;;;;;;;;;;;;;;;;;
22445195;wos469;Young Children Show Little Sensitivity to the Iconicity in Number Gestures;"Nicoladis E.; Marentette P.; Pika S.; Barbosa P. G.";2018;Human;Humans (WEIRD);Meaning;NA;Defined - subtypes;Not mentioned;Manual;Not defined;Narrow;Vocalizations;Experimental;Familiar;Daycare;;;;;;;;;;;;;;;;;;;;;;;
;;;;;;;Combination of sources;;;;;;;;;;;;;;;;;;;;;;;;;;;;;;;;;
;;;;;;;Ontogeny;;;;;;;;;;;;;;;;;;;;;;;;;;;;;;;;;
;;;;;;;Form;;;;;;;;;;;;;;;;;;;;;;;;;;;;;;;;;
22444935;pi007;Young children spontaneously recreate core properties of language in a new modality;"Bohn M.; Kachel G.; Tomasello M.";2019;Human;Humans (WEIRD);Structure;NA;Not defined;Not mentioned;NA;Not defined;Narrow;None;Experimental;Unfamiliar;Laboratory (H);;;;;;;;;;;;;;;;;;;;;;;
;;;;;;;Meaning;;;;;;;;;;;;;;;;;;;;;;;;;;;;;;;;;
;;;;;;;Ontogeny;;;;;;;;;;;;;;;;;;;;;;;;;;;;;;;;;
22445465;wos618;Young Children's Understanding of Denial;"Austin K.; Theakston A.; Lieven E.; Tomasello M.";2014;Human;Humans (WEIRD);Ontogeny;NA;Not defined;Not mentioned;Non-manual;Not defined;Narrow;Vocalizations;Experimental;Unfamiliar;Laboratory (H);;;;;;;;;;;;;;;;;;;;;;;
;;;;;;;Meaning;;;;;;;;;;;;;;;;;;;;;;;;;;;;;;;;;
;;;;;;;Combination of sources;;;;;;;;;;;;;;;;;;;;;;;;;;;;;;;;;